arquivo,papeis,status,observacao
VERSION,DOC,lido,inventário V3
pweb,DOC,lido,inventário V3
bot,DOC,lido,inventário V3
SECURITY_AUDIT_RESULTS.md,DOC,lido,inventário V3
pweb4,DOC,lido,inventário V3
verweb,DOC,lido,inventário V3
apibot,DOC,lido,inventário V3
SECURITY_V3.md,DOC,lido,inventário V3
README_V2.md,DOC,lido,inventário V3
chave,DOC,lido,inventário V3
botpag,DOC,lido,inventário V3
botpag.zip,DOC,lido,inventário V3
pweb2,DOC,lido,inventário V3
.env.example,DOC,lido,inventário V3
backup.sh,OPS,lido,inventário V3
README.md,DOC,lido,inventário V3
.gitignore,DOC,lido,inventário V3
gestorssh.zip,DOC,lido,inventário V3
SECURITY_V2.md,DOC,lido,inventário V3
SHA256SUMS.security,DOC,lido,inventário V3
speedtest-cli,DOC,lido,inventário V3
pweb3,DOC,lido,inventário V3
composer.json,DOC,lido,inventário V3
sincpainel.zip,DOC,lido,inventário V3
README_V3.md,DOC,lido,inventário V3
verpweb,DOC,lido,inventário V3
bin/check_dependencies.php,SEG,lido,inventário V3
bin/migrate_secrets.php,SEG,lido,inventário V3
bin/create_admin.php,SEG,lido,inventário V3
gestorssh/recuperandoclasse.php,SEG,lido,inventário V3
gestorssh/index(original).php,SEG,lido,inventário V3
gestorssh/app.php,SEG,lido,inventário V3
gestorssh/update.php,SEG,lido,inventário V3
gestorssh/favicon.ico,DOC,lido,inventário V3
gestorssh/login.php,SEG,lido,inventário V3
gestorssh/home.php,SEG,lido,inventário V3
gestorssh/index.php,SEG,lido,inventário V3
gestorssh/sair.php,SEG,lido,inventário V3
gestorssh/enviaremails.php,SEG,lido,inventário V3
gestorssh/whatsapp,DOC,lido,inventário V3
gestorssh/usuarios.php,SEG,lido,inventário V3
gestorssh/mult.php,SEG,lido,inventário V3
gestorssh/empresa,DOC,lido,inventário V3
gestorssh/sms.php,SEG,lido,inventário V3
gestorssh/perfil.php,SEG,lido,inventário V3
gestorssh/recuperando.php,SEG,lido,inventário V3
gestorssh/reset.php,SEG,lido,inventário V3
gestorssh/bdgestorssh.sql,DOC,lido,inventário V3
gestorssh/validacao.php,SEG,lido,inventário V3
tests/security_v3.php,SEG,lido,inventário V3
database/bdgestorssh.secure.sql,DOC,lido,inventário V3
quarantine/README.md,DOC,lido,inventário V3
security/audit.sh,OPS,lido,inventário V3
docs/auditoria/resumo.json,DOC,lido,inventário V3
docs/auditoria/achados.json,DOC,lido,inventário V3
docs/auditoria/attack_paths.json,DOC,lido,inventário V3
docs/auditoria/relatorio-auditoria.md,DOC,lido,inventário V3
docs/auditoria/relatorio-auditoria.pdf,DOC,lido,inventário V3
docs/auditoria/meta.json,DOC,lido,inventário V3
docs/auditoria/controles.json,DOC,lido,inventário V3
docs/auditoria/baseline/baseline.json,DOC,lido,inventário V3
docs/auditoria/baseline/delta.json,DOC,lido,inventário V3
docs/auditoria/_ferramentas/php-lint.txt,DOC,lido,inventário V3
docs/auditoria/_ferramentas/bash-lint.txt,DOC,lido,inventário V3
docs/auditoria/issues/SEG-03.md,DOC,lido,inventário V3
docs/auditoria/issues/SEG-02.md,DOC,lido,inventário V3
docs/auditoria/issues/DOC-01.md,DOC,lido,inventário V3
docs/auditoria/issues/SEG-04.md,DOC,lido,inventário V3
docs/auditoria/_trabalho/fortes-net.json,DOC,lido,inventário V3
docs/auditoria/_trabalho/achados-ux.json,DOC,lido,inventário V3
docs/auditoria/_trabalho/achados-mob.json,DOC,lido,inventário V3
docs/auditoria/_trabalho/achados-perf.json,DOC,lido,inventário V3
docs/auditoria/_trabalho/entrega.md,DOC,lido,inventário V3
docs/auditoria/_trabalho/achados-fin.json,DOC,lido,inventário V3
docs/auditoria/_trabalho/achados-dpo.json,DOC,lido,inventário V3
docs/auditoria/_trabalho/achados-net.json,DOC,lido,inventário V3
docs/auditoria/_trabalho/manifesto.csv,DOC,lido,inventário V3
docs/auditoria/_trabalho/fortes-neg.json,DOC,lido,inventário V3
docs/auditoria/_trabalho/papeis.json,DOC,lido,inventário V3
docs/auditoria/_trabalho/fortes-ux.json,DOC,lido,inventário V3
docs/auditoria/_trabalho/achados-neg.json,DOC,lido,inventário V3
docs/auditoria/_trabalho/fortes-arq.json,DOC,lido,inventário V3
docs/auditoria/_trabalho/achados-ia.json,DOC,lido,inventário V3
docs/auditoria/_trabalho/fortes-api.json,DOC,lido,inventário V3
docs/auditoria/_trabalho/fortes-dba.json,DOC,lido,inventário V3
docs/auditoria/_trabalho/achados-sup.json,DOC,lido,inventário V3
docs/auditoria/_trabalho/fortes-cry.json,DOC,lido,inventário V3
docs/auditoria/_trabalho/fortes-cst.json,DOC,lido,inventário V3
docs/auditoria/_trabalho/achados-ops.json,DOC,lido,inventário V3
docs/auditoria/_trabalho/achados-arq.json,DOC,lido,inventário V3
docs/auditoria/_trabalho/achados-cry.json,DOC,lido,inventário V3
docs/auditoria/_trabalho/achados-web.json,DOC,lido,inventário V3
docs/auditoria/_trabalho/manifesto-meta.json,DOC,lido,inventário V3
docs/auditoria/_trabalho/fortes-web.json,DOC,lido,inventário V3
docs/auditoria/_trabalho/achados-seg.json,DOC,lido,inventário V3
docs/auditoria/_trabalho/fortes-ia.json,DOC,lido,inventário V3
docs/auditoria/_trabalho/fortes-mob.json,DOC,lido,inventário V3
docs/auditoria/_trabalho/fortes-ops.json,DOC,lido,inventário V3
docs/auditoria/_trabalho/achados-doc.json,DOC,lido,inventário V3
docs/auditoria/_trabalho/threat-model.md,DOC,lido,inventário V3
docs/auditoria/_trabalho/fortes-fin.json,DOC,lido,inventário V3
docs/auditoria/_trabalho/achados-dba.json,DOC,lido,inventário V3
docs/auditoria/_trabalho/briefing.json,DOC,lido,inventário V3
docs/auditoria/_trabalho/reauditoria.md,DOC,lido,inventário V3
docs/auditoria/_trabalho/fortes-seg.json,DOC,lido,inventário V3
docs/auditoria/_trabalho/achados-api.json,DOC,lido,inventário V3
docs/auditoria/_trabalho/fortes-dpo.json,DOC,lido,inventário V3
docs/auditoria/_trabalho/fortes-perf.json,DOC,lido,inventário V3
docs/auditoria/_trabalho/fortes-qa.json,DOC,lido,inventário V3
docs/auditoria/_trabalho/mapa.md,DOC,lido,inventário V3
docs/auditoria/_trabalho/fortes-sup.json,DOC,lido,inventário V3
docs/auditoria/_trabalho/achados-qa.json,DOC,lido,inventário V3
docs/auditoria/_trabalho/achados-cst.json,DOC,lido,inventário V3
docs/auditoria/_trabalho/fortes-doc.json,DOC,lido,inventário V3
docs/auditoria/_trabalho/varredura/summary.txt,DOC,lido,inventário V3
docs/auditoria/_trabalho/ferramentas/registro.json,DOC,lido,inventário V3
docs/auditoria/_trabalho/qa/qa-visual.json,DOC,lido,inventário V3
docs/auditoria/_trabalho/matrizes/maquinas-estado.md,DOC,lido,inventário V3
docs/auditoria/_trabalho/matrizes/endpoints.md,DOC,lido,inventário V3
docs/auditoria/_trabalho/matrizes/dependencias.md,DOC,lido,inventário V3
docs/auditoria/_trabalho/matrizes/chamadas-cliente.md,DOC,lido,inventário V3
docs/auditoria/_trabalho/matrizes/autorizacao.md,DOC,lido,inventário V3
docs/auditoria/_trabalho/matrizes/variaveis-ambiente.md,DOC,lido,inventário V3
docs/auditoria/_trabalho/matrizes/dados-sensiveis.md,DOC,lido,inventário V3
quarantine/legacy/sshplus.zip.003,DOC,lido,inventário V3
quarantine/legacy/verifatt.sh,OPS,lido,inventário V3
quarantine/legacy/whatsapp.sh,OPS,lido,inventário V3
quarantine/legacy/ubuinst1.sh,OPS,lido,inventário V3
quarantine/legacy/sincpainel.sh,OPS,lido,inventário V3
quarantine/legacy/sshplus.zip.002,DOC,lido,inventário V3
quarantine/legacy/install.sh,OPS,lido,inventário V3
quarantine/legacy/ubuinst.sh,OPS,lido,inventário V3
quarantine/legacy/123.sh,OPS,lido,inventário V3
quarantine/legacy/sshplus.zip.001,DOC,lido,inventário V3
gestorssh/admin/recebeUpload.php,SEG,lido,inventário V3
gestorssh/admin/login.php,SEG,lido,inventário V3
gestorssh/admin/home.php,SEG,lido,inventário V3
gestorssh/admin/index.php,SEG,lido,inventário V3
gestorssh/admin/sair.php,SEG,lido,inventário V3
gestorssh/admin/recebeBkrv.php,SEG,lido,inventário V3
gestorssh/admin/recebeUpload3.php,SEG,lido,inventário V3
gestorssh/admin/recebeUpload2.php,SEG,lido,inventário V3
gestorssh/admin/recebeBkad.php,SEG,lido,inventário V3
gestorssh/admin/validacao.php,SEG,lido,inventário V3
gestorssh/admin/recebeStore.php,SEG,lido,inventário V3
gestorssh/apps/favicon.ico,DOC,lido,inventário V3
gestorssh/apps/index.php,SEG,lido,inventário V3
gestorssh/apps/termos.php,SEG,lido,inventário V3
gestorssh/pages/suspenso.php,SEG,lido,inventário V3
gestorssh/pages/inicial.php,SEG,lido,inventário V3
gestorssh/pages/index.html,DOC,lido,inventário V3
gestorssh/phpmailer/class.smtp.php,SEG,lido,inventário V3
gestorssh/phpmailer/class.phpmailer.php,SEG,lido,inventário V3
gestorssh/phpmailer/LICENSE,DOC,lido,inventário V3
gestorssh/phpmailer/aboutus.html,DOC,lido,inventário V3
gestorssh/phpmailer/changelog.txt,DOC,lido,inventário V3
gestorssh/phpmailer/class.pop3.php,SEG,lido,inventário V3
gestorssh/phpmailer/README,DOC,lido,inventário V3
gestorssh/phpmailer/docs.ini,DOC,lido,inventário V3
gestorssh/appss/baixar.php,SEG,lido,inventário V3
gestorssh/appss/ajax_downloads.php,SEG,lido,inventário V3
gestorssh/appss/favicon.ico,DOC,lido,inventário V3
gestorssh/appss/index.php,SEG,lido,inventário V3
gestorssh/appss/termos.php,SEG,lido,inventário V3
gestorssh/appss/downloads.php,SEG,lido,inventário V3
gestorssh/scripts/counterup.min.js,DOC,lido,inventário V3
gestorssh/scripts/jquery-3.2.1.js,DOC,lido,inventário V3
gestorssh/scripts/jm.spinner.css,DOC,lido,inventário V3
gestorssh/scripts/retina.min.js,DOC,lido,inventário V3
gestorssh/scripts/twitter-bootstrap-hover-dropdown.js,DOC,lido,inventário V3
gestorssh/scripts/custom2.js,DOC,lido,inventário V3
gestorssh/scripts/jquery.circliful.min.js,DOC,lido,inventário V3
gestorssh/scripts/jquery.min.js,DOC,lido,inventário V3
gestorssh/scripts/waves.js,DOC,lido,inventário V3
gestorssh/scripts/index.js,DOC,lido,inventário V3
gestorssh/scripts/custom.js,DOC,lido,inventário V3
gestorssh/scripts/waypoints.min.js,DOC,lido,inventário V3
gestorssh/scripts/tablesaw.stackonly.js,DOC,lido,inventário V3
gestorssh/scripts/main.js,DOC,lido,inventário V3
gestorssh/scripts/jm.spinner.js,DOC,lido,inventário V3
gestorssh/scripts/install.sh,OPS,lido,inventário V3
gestorssh/scripts/index.html,DOC,lido,inventário V3
gestorssh/scripts/hoverIntent.js,DOC,lido,inventário V3
gestorssh/scripts/owl.carousel.js,DOC,lido,inventário V3
gestorssh/scripts/tooltipsy.min.js,DOC,lido,inventário V3
gestorssh/scripts/jquery.slicknav.min.js,DOC,lido,inventário V3
gestorssh/scripts/select2.js,DOC,lido,inventário V3
gestorssh/scripts/jquery.responsiveTabs.js,DOC,lido,inventário V3
gestorssh/scripts/superfish.min.js,DOC,lido,inventário V3
gestorssh/scripts/tooltipsy.source.js,DOC,lido,inventário V3
gestorssh/scripts/tablesaw-init.js,DOC,lido,inventário V3
gestorssh/scripts/jquery-loader.js,DOC,lido,inventário V3
gestorssh/scripts/wow.min.js,DOC,lido,inventário V3
gestorssh/scripts/jquery.appear.js,DOC,lido,inventário V3
gestorssh/lib/mercadopago.php,SEG,lido,inventário V3
gestorssh/lib/cacert.pem,DOC,lido,inventário V3
gestorssh/lib/index.php,SEG,lido,inventário V3
gestorssh/app-assets/index.html,DOC,lido,inventário V3
gestorssh/conecta4g/adicionar.php,SEG,lido,inventário V3
gestorssh/conecta4g/app.php,SEG,lido,inventário V3
gestorssh/conecta4g/modais.php,SEG,lido,inventário V3
gestorssh/conecta4g/login.php,SEG,lido,inventário V3
gestorssh/conecta4g/home.php,SEG,lido,inventário V3
gestorssh/conecta4g/index.php,SEG,lido,inventário V3
gestorssh/conecta4g/usuarios.php,SEG,lido,inventário V3
gestorssh/conecta4g/excluir.php,SEG,lido,inventário V3
gestorssh/conecta4g/perfil.php,SEG,lido,inventário V3
gestorssh/conecta4g/editar.php,SEG,lido,inventário V3
gestorssh/conecta4g/teste.php,SEG,lido,inventário V3
gestorssh/config/bootstrap.php,SEG,lido,inventário V3
gestorssh/config/conteudo.php,SEG,lido,inventário V3
gestorssh/config/config.php,SEG,lido,inventário V3
gestorssh/config/Mobile_Detect.php,SEG,lido,inventário V3
gestorssh/config/funcoes.php,SEG,lido,inventário V3
gestorssh/config/rodape.php,SEG,lido,inventário V3
gestorssh/src/index.html,DOC,lido,inventário V3
gestorssh/vendor/autoload.php,SEG,lido,inventário V3
gestorssh/vendor/index.html,DOC,lido,inventário V3
gestorssh/security/mailer.php,SEG,lido,inventário V3
gestorssh/security/upload.php,SEG,lido,inventário V3
gestorssh/security/secrets.php,SEG,lido,inventário V3
gestorssh/vendor/composer/InstalledVersions.php,SEG,lido,inventário V3
gestorssh/vendor/composer/autoload_classmap.php,SEG,lido,inventário V3
gestorssh/vendor/composer/autoload_psr4.php,SEG,lido,inventário V3
gestorssh/vendor/composer/autoload_namespaces.php,SEG,lido,inventário V3
gestorssh/vendor/composer/platform_check.php,SEG,lido,inventário V3
gestorssh/vendor/composer/ClassLoader.php,SEG,lido,inventário V3
gestorssh/vendor/composer/autoload_static.php,SEG,lido,inventário V3
gestorssh/vendor/composer/LICENSE,DOC,lido,inventário V3
gestorssh/vendor/composer/installed.json,DOC,lido,inventário V3
gestorssh/vendor/composer/autoload_files.php,SEG,lido,inventário V3
gestorssh/vendor/composer/installed.php,SEG,lido,inventário V3
gestorssh/vendor/composer/autoload_real.php,SEG,lido,inventário V3
gestorssh/vendor/phpseclib/phpseclib/BACKERS.md,DOC,lido,inventário V3
gestorssh/vendor/phpseclib/phpseclib/appveyor.yml,DOC,lido,inventário V3
gestorssh/vendor/phpseclib/phpseclib/AUTHORS,DOC,lido,inventário V3
gestorssh/vendor/phpseclib/phpseclib/LICENSE,DOC,lido,inventário V3
gestorssh/vendor/phpseclib/phpseclib/README.md,DOC,lido,inventário V3
gestorssh/vendor/phpseclib/phpseclib/composer.json,DOC,lido,inventário V3
gestorssh/vendor/phpseclib/phpseclib/phpseclib/bootstrap.php,SEG,lido,inventário V3
gestorssh/vendor/phpseclib/phpseclib/phpseclib/openssl.cnf,DOC,lido,inventário V3
gestorssh/vendor/phpseclib/phpseclib/phpseclib/Math/BigInteger.php,SEG,lido,inventário V3
gestorssh/vendor/phpseclib/phpseclib/phpseclib/Crypt/Blowfish.php,SEG,lido,inventário V3
gestorssh/vendor/phpseclib/phpseclib/phpseclib/Crypt/Random.php,SEG,lido,inventário V3
gestorssh/vendor/phpseclib/phpseclib/phpseclib/Crypt/DES.php,SEG,lido,inventário V3
gestorssh/vendor/phpseclib/phpseclib/phpseclib/Crypt/Hash.php,SEG,lido,inventário V3
gestorssh/vendor/phpseclib/phpseclib/phpseclib/Crypt/AES.php,SEG,lido,inventário V3
gestorssh/vendor/phpseclib/phpseclib/phpseclib/Crypt/Base.php,SEG,lido,inventário V3
gestorssh/vendor/phpseclib/phpseclib/phpseclib/Crypt/RSA.php,SEG,lido,inventário V3
gestorssh/vendor/phpseclib/phpseclib/phpseclib/Crypt/TripleDES.php,SEG,lido,inventário V3
gestorssh/vendor/phpseclib/phpseclib/phpseclib/Crypt/RC2.php,SEG,lido,inventário V3
gestorssh/vendor/phpseclib/phpseclib/phpseclib/Crypt/RC4.php,SEG,lido,inventário V3
gestorssh/vendor/phpseclib/phpseclib/phpseclib/Crypt/Twofish.php,SEG,lido,inventário V3
gestorssh/vendor/phpseclib/phpseclib/phpseclib/Crypt/Rijndael.php,SEG,lido,inventário V3
gestorssh/vendor/phpseclib/phpseclib/phpseclib/File/ASN1.php,SEG,lido,inventário V3
gestorssh/vendor/phpseclib/phpseclib/phpseclib/File/X509.php,SEG,lido,inventário V3
gestorssh/vendor/phpseclib/phpseclib/phpseclib/File/ANSI.php,SEG,lido,inventário V3
gestorssh/vendor/phpseclib/phpseclib/phpseclib/Net/SSH1.php,SEG,lido,inventário V3
gestorssh/vendor/phpseclib/phpseclib/phpseclib/Net/SCP.php,SEG,lido,inventário V3
gestorssh/vendor/phpseclib/phpseclib/phpseclib/Net/SSH2.php,SEG,lido,inventário V3
gestorssh/vendor/phpseclib/phpseclib/phpseclib/Net/SFTP.php,SEG,lido,inventário V3
gestorssh/vendor/phpseclib/phpseclib/phpseclib/Net/SFTP/Stream.php,SEG,lido,inventário V3
gestorssh/vendor/phpseclib/phpseclib/phpseclib/File/ASN1/Element.php,SEG,lido,inventário V3
gestorssh/vendor/phpseclib/phpseclib/phpseclib/System/SSH/Agent.php,SEG,lido,inventário V3
gestorssh/vendor/phpseclib/phpseclib/phpseclib/System/SSH/Agent/Identity.php,SEG,lido,inventário V3
gestorssh/src/scss/colors.scss,DOC,lido,inventário V3
gestorssh/src/scss/components.scss,DOC,lido,inventário V3
gestorssh/src/scss/bootstrap.scss,DOC,lido,inventário V3
gestorssh/src/scss/bootstrap-extended.scss,DOC,lido,inventário V3
gestorssh/src/scss/bootstrap-extended/_collapse.scss,DOC,lido,inventário V3
gestorssh/src/scss/bootstrap-extended/_card.scss,DOC,lido,inventário V3
gestorssh/src/scss/bootstrap-extended/_navbar.scss,DOC,lido,inventário V3
gestorssh/src/scss/bootstrap-extended/_dropdown.scss,DOC,lido,inventário V3
gestorssh/src/scss/bootstrap-extended/_buttons.scss,DOC,lido,inventário V3
gestorssh/src/scss/bootstrap-extended/_utilities.scss,DOC,lido,inventário V3
gestorssh/src/scss/bootstrap-extended/_tables.scss,DOC,lido,inventário V3
gestorssh/src/scss/bootstrap-extended/_animation.scss,DOC,lido,inventário V3
gestorssh/src/scss/bootstrap-extended/_type.scss,DOC,lido,inventário V3
gestorssh/src/scss/bootstrap-extended/_badge.scss,DOC,lido,inventário V3
gestorssh/src/scss/bootstrap-extended/_alert.scss,DOC,lido,inventário V3
gestorssh/src/scss/bootstrap-extended/_breadcrumb.scss,DOC,lido,inventário V3
gestorssh/src/scss/bootstrap-extended/_code.scss,DOC,lido,inventário V3
gestorssh/src/scss/bootstrap-extended/_popover.scss,DOC,lido,inventário V3
gestorssh/src/scss/bootstrap-extended/_modal.scss,DOC,lido,inventário V3
gestorssh/src/scss/bootstrap-extended/_media.scss,DOC,lido,inventário V3
gestorssh/src/scss/bootstrap-extended/_nav.scss,DOC,lido,inventário V3
gestorssh/src/scss/bootstrap-extended/_pagination.scss,DOC,lido,inventário V3
gestorssh/src/scss/bootstrap-extended/_progress.scss,DOC,lido,inventário V3
gestorssh/src/scss/bootstrap-extended/_grid.scss,DOC,lido,inventário V3
gestorssh/src/scss/bootstrap-extended/_list-group.scss,DOC,lido,inventário V3
gestorssh/src/scss/bootstrap-extended/_toast.scss,DOC,lido,inventário V3
gestorssh/src/scss/bootstrap-extended/_reboot.scss,DOC,lido,inventário V3
gestorssh/src/scss/bootstrap-extended/_mixins.scss,DOC,lido,inventário V3
gestorssh/src/scss/bootstrap-extended/_forms.scss,DOC,lido,inventário V3
gestorssh/src/scss/themes/dark-layout.scss,DOC,lido,inventário V3
gestorssh/src/scss/themes/semi-dark-layout.scss,DOC,lido,inventário V3
gestorssh/src/scss/pages/error.scss,DOC,lido,inventário V3
gestorssh/src/scss/pages/dashboard-ecommerce.scss,DOC,lido,inventário V3
gestorssh/src/scss/pages/colors.scss,DOC,lido,inventário V3
gestorssh/src/scss/pages/coming-soon.scss,DOC,lido,inventário V3
gestorssh/src/scss/pages/card-analytics.scss,DOC,lido,inventário V3
gestorssh/src/scss/pages/data-list-view.scss,DOC,lido,inventário V3
gestorssh/src/scss/pages/app-todo.scss,DOC,lido,inventário V3
gestorssh/src/scss/pages/users.scss,DOC,lido,inventário V3
gestorssh/src/scss/pages/authentication.scss,DOC,lido,inventário V3
gestorssh/src/scss/pages/search.scss,DOC,lido,inventário V3
gestorssh/src/scss/pages/timeline.scss,DOC,lido,inventário V3
gestorssh/src/scss/pages/app-chat.scss,DOC,lido,inventário V3
gestorssh/src/scss/pages/app-email.scss,DOC,lido,inventário V3
gestorssh/src/scss/pages/dashboard-analytics.scss,DOC,lido,inventário V3
gestorssh/src/scss/pages/invoice.scss,DOC,lido,inventário V3
gestorssh/src/scss/pages/app-ecommerce-shop.scss,DOC,lido,inventário V3
gestorssh/src/scss/pages/register.scss,DOC,lido,inventário V3
gestorssh/src/scss/pages/knowledge-base.scss,DOC,lido,inventário V3
gestorssh/src/scss/pages/faq.scss,DOC,lido,inventário V3
gestorssh/src/scss/components/demo.scss,DOC,lido,inventário V3
gestorssh/src/scss/components/bootstrap-social.scss,DOC,lido,inventário V3
gestorssh/src/scss/components/customizer.scss,DOC,lido,inventário V3
gestorssh/src/scss/components/chart.scss,DOC,lido,inventário V3
gestorssh/src/scss/components/helper.scss,DOC,lido,inventário V3
gestorssh/src/scss/components/search.scss,DOC,lido,inventário V3
gestorssh/src/scss/components/chips.scss,DOC,lido,inventário V3
gestorssh/src/scss/components/avatar.scss,DOC,lido,inventário V3
gestorssh/src/scss/components/divider.scss,DOC,lido,inventário V3
gestorssh/src/scss/bootstrap/_variables.scss,DOC,lido,inventário V3
gestorssh/src/scss/bootstrap/_card.scss,DOC,lido,inventário V3
gestorssh/src/scss/bootstrap/_navbar.scss,DOC,lido,inventário V3
gestorssh/src/scss/bootstrap/_transitions.scss,DOC,lido,inventário V3
gestorssh/src/scss/bootstrap/_dropdown.scss,DOC,lido,inventário V3
gestorssh/src/scss/bootstrap/_tooltip.scss,DOC,lido,inventário V3
gestorssh/src/scss/bootstrap/bootstrap-grid.scss,DOC,lido,inventário V3
gestorssh/src/scss/bootstrap/_toasts.scss,DOC,lido,inventário V3
gestorssh/src/scss/bootstrap/_functions.scss,DOC,lido,inventário V3
gestorssh/src/scss/bootstrap/_buttons.scss,DOC,lido,inventário V3
gestorssh/src/scss/bootstrap/bootstrap-reboot.scss,DOC,lido,inventário V3
gestorssh/src/scss/bootstrap/_utilities.scss,DOC,lido,inventário V3
gestorssh/src/scss/bootstrap/_tables.scss,DOC,lido,inventário V3
gestorssh/src/scss/bootstrap/_close.scss,DOC,lido,inventário V3
gestorssh/src/scss/bootstrap/_type.scss,DOC,lido,inventário V3
gestorssh/src/scss/bootstrap/_root.scss,DOC,lido,inventário V3
gestorssh/src/scss/bootstrap/_badge.scss,DOC,lido,inventário V3
gestorssh/src/scss/bootstrap/_alert.scss,DOC,lido,inventário V3
gestorssh/src/scss/bootstrap/_breadcrumb.scss,DOC,lido,inventário V3
gestorssh/src/scss/bootstrap/_code.scss,DOC,lido,inventário V3
gestorssh/src/scss/bootstrap/_popover.scss,DOC,lido,inventário V3
gestorssh/src/scss/bootstrap/_spinners.scss,DOC,lido,inventário V3
gestorssh/src/scss/bootstrap/_button-group.scss,DOC,lido,inventário V3
gestorssh/src/scss/bootstrap/_modal.scss,DOC,lido,inventário V3
gestorssh/src/scss/bootstrap/_jumbotron.scss,DOC,lido,inventário V3
gestorssh/src/scss/bootstrap/_media.scss,DOC,lido,inventário V3
gestorssh/src/scss/bootstrap/_input-group.scss,DOC,lido,inventário V3
gestorssh/src/scss/bootstrap/_nav.scss,DOC,lido,inventário V3
gestorssh/src/scss/bootstrap/_carousel.scss,DOC,lido,inventário V3
gestorssh/src/scss/bootstrap/_pagination.scss,DOC,lido,inventário V3
gestorssh/src/scss/bootstrap/_progress.scss,DOC,lido,inventário V3
gestorssh/src/scss/bootstrap/_grid.scss,DOC,lido,inventário V3
gestorssh/src/scss/bootstrap/_list-group.scss,DOC,lido,inventário V3
gestorssh/src/scss/bootstrap/bootstrap.scss,DOC,lido,inventário V3
gestorssh/src/scss/bootstrap/_images.scss,DOC,lido,inventário V3
gestorssh/src/scss/bootstrap/_custom-forms.scss,DOC,lido,inventário V3
gestorssh/src/scss/bootstrap/_print.scss,DOC,lido,inventário V3
gestorssh/src/scss/bootstrap/_reboot.scss,DOC,lido,inventário V3
gestorssh/src/scss/bootstrap/_mixins.scss,DOC,lido,inventário V3
gestorssh/src/scss/bootstrap/_forms.scss,DOC,lido,inventário V3
gestorssh/src/scss/bootstrap/mixins/_text-truncate.scss,DOC,lido,inventário V3
gestorssh/src/scss/bootstrap/mixins/_image.scss,DOC,lido,inventário V3
gestorssh/src/scss/bootstrap/mixins/_deprecate.scss,DOC,lido,inventário V3
gestorssh/src/scss/bootstrap/mixins/_hover.scss,DOC,lido,inventário V3
gestorssh/src/scss/bootstrap/mixins/_lists.scss,DOC,lido,inventário V3
gestorssh/src/scss/bootstrap/mixins/_screen-reader.scss,DOC,lido,inventário V3
gestorssh/src/scss/bootstrap/mixins/_nav-divider.scss,DOC,lido,inventário V3
gestorssh/src/scss/bootstrap/mixins/_border-radius.scss,DOC,lido,inventário V3
gestorssh/src/scss/bootstrap/mixins/_grid-framework.scss,DOC,lido,inventário V3
gestorssh/src/scss/bootstrap/mixins/_visibility.scss,DOC,lido,inventário V3
gestorssh/src/scss/bootstrap/mixins/_buttons.scss,DOC,lido,inventário V3
gestorssh/src/scss/bootstrap/mixins/_transition.scss,DOC,lido,inventário V3
gestorssh/src/scss/bootstrap/mixins/_breakpoints.scss,DOC,lido,inventário V3
gestorssh/src/scss/bootstrap/mixins/_text-hide.scss,DOC,lido,inventário V3
gestorssh/src/scss/bootstrap/mixins/_box-shadow.scss,DOC,lido,inventário V3
gestorssh/src/scss/bootstrap/mixins/_background-variant.scss,DOC,lido,inventário V3
gestorssh/src/scss/bootstrap/mixins/_badge.scss,DOC,lido,inventário V3
gestorssh/src/scss/bootstrap/mixins/_alert.scss,DOC,lido,inventário V3
gestorssh/src/scss/bootstrap/mixins/_gradients.scss,DOC,lido,inventário V3
gestorssh/src/scss/bootstrap/mixins/_float.scss,DOC,lido,inventário V3
gestorssh/src/scss/bootstrap/mixins/_reset-text.scss,DOC,lido,inventário V3
gestorssh/src/scss/bootstrap/mixins/_clearfix.scss,DOC,lido,inventário V3
gestorssh/src/scss/bootstrap/mixins/_text-emphasis.scss,DOC,lido,inventário V3
gestorssh/src/scss/bootstrap/mixins/_pagination.scss,DOC,lido,inventário V3
gestorssh/src/scss/bootstrap/mixins/_caret.scss,DOC,lido,inventário V3
gestorssh/src/scss/bootstrap/mixins/_resize.scss,DOC,lido,inventário V3
gestorssh/src/scss/bootstrap/mixins/_grid.scss,DOC,lido,inventário V3
gestorssh/src/scss/bootstrap/mixins/_list-group.scss,DOC,lido,inventário V3
gestorssh/src/scss/bootstrap/mixins/_table-row.scss,DOC,lido,inventário V3
gestorssh/src/scss/bootstrap/mixins/_size.scss,DOC,lido,inventário V3
gestorssh/src/scss/bootstrap/mixins/_forms.scss,DOC,lido,inventário V3
gestorssh/src/scss/bootstrap/utilities/_text.scss,DOC,lido,inventário V3
gestorssh/src/scss/bootstrap/utilities/_spacing.scss,DOC,lido,inventário V3
gestorssh/src/scss/bootstrap/utilities/_screenreaders.scss,DOC,lido,inventário V3
gestorssh/src/scss/bootstrap/utilities/_overflow.scss,DOC,lido,inventário V3
gestorssh/src/scss/bootstrap/utilities/_stretched-link.scss,DOC,lido,inventário V3
gestorssh/src/scss/bootstrap/utilities/_position.scss,DOC,lido,inventário V3
gestorssh/src/scss/bootstrap/utilities/_shadows.scss,DOC,lido,inventário V3
gestorssh/src/scss/bootstrap/utilities/_visibility.scss,DOC,lido,inventário V3
gestorssh/src/scss/bootstrap/utilities/_background.scss,DOC,lido,inventário V3
gestorssh/src/scss/bootstrap/utilities/_flex.scss,DOC,lido,inventário V3
gestorssh/src/scss/bootstrap/utilities/_borders.scss,DOC,lido,inventário V3
gestorssh/src/scss/bootstrap/utilities/_float.scss,DOC,lido,inventário V3
gestorssh/src/scss/bootstrap/utilities/_sizing.scss,DOC,lido,inventário V3
gestorssh/src/scss/bootstrap/utilities/_display.scss,DOC,lido,inventário V3
gestorssh/src/scss/bootstrap/utilities/_embed.scss,DOC,lido,inventário V3
gestorssh/src/scss/bootstrap/utilities/_clearfix.scss,DOC,lido,inventário V3
gestorssh/src/scss/bootstrap/utilities/_align.scss,DOC,lido,inventário V3
gestorssh/src/scss/bootstrap/vendor/_rfs.scss,DOC,lido,inventário V3
gestorssh/src/scss/core/mixins/transitions.scss,DOC,lido,inventário V3
gestorssh/src/scss/core/mixins/alert.scss,DOC,lido,inventário V3
gestorssh/src/scss/core/mixins/hex2rgb.scss,DOC,lido,inventário V3
gestorssh/src/scss/core/mixins/main-menu-mixin.scss,DOC,lido,inventário V3
gestorssh/src/scss/core/layouts/_footer.scss,DOC,lido,inventário V3
gestorssh/src/scss/core/layouts/_content.scss,DOC,lido,inventário V3
gestorssh/src/scss/core/layouts/_sidebar.scss,DOC,lido,inventário V3
gestorssh/src/scss/core/layouts/_main-menu.scss,DOC,lido,inventário V3
gestorssh/src/scss/core/menu/_navigation.scss,DOC,lido,inventário V3
gestorssh/src/scss/core/colors/palette-noui.scss,DOC,lido,inventário V3
gestorssh/src/scss/core/colors/palette-gradient.scss,DOC,lido,inventário V3
gestorssh/src/scss/core/colors/palette-variables.scss,DOC,lido,inventário V3
gestorssh/src/scss/core/colors/_palette.scss,DOC,lido,inventário V3
gestorssh/src/scss/core/variables/_variables.scss,DOC,lido,inventário V3
gestorssh/src/scss/core/variables/_components-variables.scss,DOC,lido,inventário V3
gestorssh/src/scss/core/menu/menu-types/vertical-overlay-menu.scss,DOC,lido,inventário V3
gestorssh/src/scss/core/menu/menu-types/vertical-menu.scss,DOC,lido,inventário V3
gestorssh/src/scss/bootstrap-extended/mixins/_navs.scss,DOC,lido,inventário V3
gestorssh/src/scss/bootstrap-extended/mixins/_buttons.scss,DOC,lido,inventário V3
gestorssh/src/scss/bootstrap-extended/mixins/_type.scss,DOC,lido,inventário V3
gestorssh/src/scss/bootstrap-extended/mixins/_label.scss,DOC,lido,inventário V3
gestorssh/src/scss/bootstrap-extended/mixins/_forms.scss,DOC,lido,inventário V3
gestorssh/src/scss/bootstrap-extended/.sass-cache/b161be96449978188ab92f1e37bbeda94f2952ce/buttons.scssc,DOC,lido,inventário V3
gestorssh/src/scss/plugins/tables/_datatables.scss,DOC,lido,inventário V3
gestorssh/src/scss/plugins/extensions/context-menu.scss,DOC,lido,inventário V3
gestorssh/src/scss/plugins/extensions/drag-and-drop.scss,DOC,lido,inventário V3
gestorssh/src/scss/plugins/extensions/noui-slider.scss,DOC,lido,inventário V3
gestorssh/src/scss/plugins/extensions/toastr.scss,DOC,lido,inventário V3
gestorssh/src/scss/plugins/animate/animate.scss,DOC,lido,inventário V3
gestorssh/src/scss/plugins/ui/_breakpoints.scss,DOC,lido,inventário V3
gestorssh/src/scss/plugins/ui/coming-soon.scss,DOC,lido,inventário V3
gestorssh/src/scss/plugins/calendars/fullcalendar.scss,DOC,lido,inventário V3
gestorssh/src/scss/plugins/pickers/_bootstrap-datetimepicker.scss,DOC,lido,inventário V3
gestorssh/src/scss/plugins/pickers/bootstrap-datetimepicker-build.scss,DOC,lido,inventário V3
gestorssh/src/scss/plugins/loaders/_variables.scss,DOC,lido,inventário V3
gestorssh/src/scss/plugins/loaders/loaders.scss,DOC,lido,inventário V3
gestorssh/src/scss/plugins/loaders/_functions.scss,DOC,lido,inventário V3
gestorssh/src/scss/plugins/loaders/_custom.scss,DOC,lido,inventário V3
gestorssh/src/scss/plugins/loaders/_mixins.scss,DOC,lido,inventário V3
gestorssh/src/scss/plugins/file-uploaders/dropzone.scss,DOC,lido,inventário V3
gestorssh/src/scss/plugins/tour/tour.scss,DOC,lido,inventário V3
gestorssh/src/scss/plugins/forms/form-inputs-groups.scss,DOC,lido,inventário V3
gestorssh/src/scss/plugins/forms/wizard.scss,DOC,lido,inventário V3
gestorssh/src/scss/plugins/forms/extended/typeahed.scss,DOC,lido,inventário V3
gestorssh/src/scss/plugins/forms/select2/_select2.scss,DOC,lido,inventário V3
gestorssh/src/scss/plugins/forms/tags/_basic-input.scss,DOC,lido,inventário V3
gestorssh/src/scss/plugins/forms/validation/form-validation.scss,DOC,lido,inventário V3
gestorssh/src/scss/plugins/images/cropper/_variables.scss,DOC,lido,inventário V3
gestorssh/src/scss/plugins/images/cropper/_utilities.scss,DOC,lido,inventário V3
gestorssh/src/scss/plugins/images/cropper/_custom.scss,DOC,lido,inventário V3
gestorssh/src/scss/plugins/images/cropper/_main.scss,DOC,lido,inventário V3
gestorssh/src/scss/plugins/images/cropper/_mixins.scss,DOC,lido,inventário V3
gestorssh/src/scss/plugins/loaders/animations/line-scale.scss,DOC,lido,inventário V3
gestorssh/src/scss/plugins/loaders/animations/ball-scale-random.scss,DOC,lido,inventário V3
gestorssh/src/scss/plugins/loaders/animations/ball-pulse-sync.scss,DOC,lido,inventário V3
gestorssh/src/scss/plugins/loaders/animations/line-scale-pulse-out.scss,DOC,lido,inventário V3
gestorssh/src/scss/plugins/loaders/animations/ball-pulse-round.scss,DOC,lido,inventário V3
gestorssh/src/scss/plugins/loaders/animations/ball-grid-pulse.scss,DOC,lido,inventário V3
gestorssh/src/scss/plugins/loaders/animations/ball-clip-rotate-pulse.scss,DOC,lido,inventário V3
gestorssh/src/scss/plugins/loaders/animations/ball-clip-rotate-multiple.scss,DOC,lido,inventário V3
gestorssh/src/scss/plugins/loaders/animations/ball-scale-ripple-multiple.scss,DOC,lido,inventário V3
gestorssh/src/scss/plugins/loaders/animations/ball-rotate.scss,DOC,lido,inventário V3
gestorssh/src/scss/plugins/loaders/animations/triangle-skew-spin.scss,DOC,lido,inventário V3
gestorssh/src/scss/plugins/loaders/animations/ball-pulse-rise.scss,DOC,lido,inventário V3
gestorssh/src/scss/plugins/loaders/animations/square-spin.scss,DOC,lido,inventário V3
gestorssh/src/scss/plugins/loaders/animations/cube-transition.scss,DOC,lido,inventário V3
gestorssh/src/scss/plugins/loaders/animations/ball-beat.scss,DOC,lido,inventário V3
gestorssh/src/scss/plugins/loaders/animations/ball-clip-rotate.scss,DOC,lido,inventário V3
gestorssh/src/scss/plugins/loaders/animations/line-scale-pulse-out-rapid.scss,DOC,lido,inventário V3
gestorssh/src/scss/plugins/loaders/animations/ball-scale-multiple.scss,DOC,lido,inventário V3
gestorssh/src/scss/plugins/loaders/animations/ball-scale-ripple.scss,DOC,lido,inventário V3
gestorssh/src/scss/plugins/loaders/animations/ball-spin-loader.scss,DOC,lido,inventário V3
gestorssh/src/scss/plugins/loaders/animations/ball-triangle-trace.scss,DOC,lido,inventário V3
gestorssh/src/scss/plugins/loaders/animations/ball-zig-zag-deflect.scss,DOC,lido,inventário V3
gestorssh/src/scss/plugins/loaders/animations/ball-scale.scss,DOC,lido,inventário V3
gestorssh/src/scss/plugins/loaders/animations/ball-grid-beat.scss,DOC,lido,inventário V3
gestorssh/src/scss/plugins/loaders/animations/ball-zig-zag.scss,DOC,lido,inventário V3
gestorssh/src/scss/plugins/loaders/animations/semi-circle-spin.scss,DOC,lido,inventário V3
gestorssh/src/scss/plugins/loaders/animations/pacman.scss,DOC,lido,inventário V3
gestorssh/src/scss/plugins/loaders/animations/line-spin-fade-loader.scss,DOC,lido,inventário V3
gestorssh/src/scss/plugins/loaders/animations/ball-pulse.scss,DOC,lido,inventário V3
gestorssh/src/scss/plugins/loaders/animations/ball-spin-fade-loader.scss,DOC,lido,inventário V3
gestorssh/src/scss/plugins/loaders/animations/line-scale-random.scss,DOC,lido,inventário V3
gestorssh/src/js/core/app.js,DOC,lido,inventário V3
gestorssh/src/js/core/app-menu.js,DOC,lido,inventário V3
gestorssh/src/js/scripts/components.js,DOC,lido,inventário V3
gestorssh/src/js/scripts/customizer.js,DOC,lido,inventário V3
gestorssh/src/js/scripts/documentation.js,DOC,lido,inventário V3
gestorssh/src/js/scripts/footer.js,DOC,lido,inventário V3
gestorssh/src/js/scripts/popover/popover.js,DOC,lido,inventário V3
gestorssh/src/js/scripts/extensions/unslider.js,DOC,lido,inventário V3
gestorssh/src/js/scripts/extensions/tour.js,DOC,lido,inventário V3
gestorssh/src/js/scripts/extensions/toastr.js,DOC,lido,inventário V3
gestorssh/src/js/scripts/extensions/sweet-alerts.min.js,DOC,lido,inventário V3
gestorssh/src/js/scripts/extensions/noui-slider.js,DOC,lido,inventário V3
gestorssh/src/js/scripts/extensions/copy-to-clipboard.js,DOC,lido,inventário V3
gestorssh/src/js/scripts/extensions/i18n.js,DOC,lido,inventário V3
gestorssh/src/js/scripts/extensions/fullcalendar.js,DOC,lido,inventário V3
gestorssh/src/js/scripts/extensions/dropzone.js,DOC,lido,inventário V3
gestorssh/src/js/scripts/extensions/context-menu.js,DOC,lido,inventário V3
gestorssh/src/js/scripts/extensions/sweet-alerts.js,DOC,lido,inventário V3
gestorssh/src/js/scripts/extensions/drag-drop.js,DOC,lido,inventário V3
gestorssh/src/js/scripts/ui/data-list-view.js,DOC,lido,inventário V3
gestorssh/src/js/scripts/modal/components-modal.js,DOC,lido,inventário V3
gestorssh/src/js/scripts/tooltip/tooltip.js,DOC,lido,inventário V3
gestorssh/src/js/scripts/pages/3-columns-left-sidebar.js,DOC,lido,inventário V3
gestorssh/src/js/scripts/pages/user-profile.js,DOC,lido,inventário V3
gestorssh/src/js/scripts/pages/app-todo.js,DOC,lido,inventário V3
gestorssh/src/js/scripts/pages/app-email.js,DOC,lido,inventário V3
gestorssh/src/js/scripts/pages/dashboard-analytics.js,DOC,lido,inventário V3
gestorssh/src/js/scripts/pages/app-chat.js,DOC,lido,inventário V3
gestorssh/src/js/scripts/pages/app-ecommerce-shop.js,DOC,lido,inventário V3
gestorssh/src/js/scripts/pages/bootstrap-toast.js,DOC,lido,inventário V3
gestorssh/src/js/scripts/pages/coming-soon.js,DOC,lido,inventário V3
gestorssh/src/js/scripts/pages/sk-content-sidebar.js,DOC,lido,inventário V3
gestorssh/src/js/scripts/pages/dashboard-ecommerce.js,DOC,lido,inventário V3
gestorssh/src/js/scripts/pages/content-sidebar.js,DOC,lido,inventário V3
gestorssh/src/js/scripts/pages/faq-kb.js,DOC,lido,inventário V3
gestorssh/src/js/scripts/navs/navs.js,DOC,lido,inventário V3
gestorssh/src/js/scripts/pagination/pagination.js,DOC,lido,inventário V3
gestorssh/src/js/scripts/datatables/datatable.js,DOC,lido,inventário V3
gestorssh/src/js/scripts/cards/card-statistics.js,DOC,lido,inventário V3
gestorssh/src/js/scripts/cards/card-analytics.js,DOC,lido,inventário V3
gestorssh/src/js/scripts/editors/editor-quill.js,DOC,lido,inventário V3
gestorssh/src/js/scripts/charts/chart-apex.js,DOC,lido,inventário V3
gestorssh/src/js/scripts/charts/chart-echart.js,DOC,lido,inventário V3
gestorssh/src/js/scripts/charts/chart-chartjs.js,DOC,lido,inventário V3
gestorssh/src/js/scripts/forms/basic-inputs.js,DOC,lido,inventário V3
gestorssh/src/js/scripts/forms/form-tooltip-valid.js,DOC,lido,inventário V3
gestorssh/src/js/scripts/forms/wizard-steps.js,DOC,lido,inventário V3
gestorssh/src/js/scripts/forms/form-maxlength.js,DOC,lido,inventário V3
gestorssh/src/js/scripts/forms/number-input.js,DOC,lido,inventário V3
gestorssh/src/js/scripts/forms/select/form-select2.js,DOC,lido,inventário V3
gestorssh/src/js/scripts/forms/validation/form-validation.js,DOC,lido,inventário V3
gestorssh/src/js/scripts/charts/gmaps/maps.js,DOC,lido,inventário V3
gestorssh/src/js/scripts/pickers/dateTime/pick-a-datetime.js,DOC,lido,inventário V3
gestorssh/src/js/core/libraries/jquery.min.js,DOC,lido,inventário V3
gestorssh/src/js/core/libraries/bootstrap.min.js,DOC,lido,inventário V3
gestorssh/app-assets/css-rtl/custom-rtl.min.css,DOC,lido,inventário V3
gestorssh/app-assets/css-rtl/components.css,DOC,lido,inventário V3
gestorssh/app-assets/css-rtl/colors.css,DOC,lido,inventário V3
gestorssh/app-assets/css-rtl/bootstrap.css,DOC,lido,inventário V3
gestorssh/app-assets/css-rtl/colors.min.css,DOC,lido,inventário V3
gestorssh/app-assets/css-rtl/bootstrap-extended.min.css,DOC,lido,inventário V3
gestorssh/app-assets/css-rtl/components.min.css,DOC,lido,inventário V3
gestorssh/app-assets/css-rtl/bootstrap-extended.css,DOC,lido,inventário V3
gestorssh/app-assets/css-rtl/bootstrap.min.css,DOC,lido,inventário V3
gestorssh/app-assets/css-rtl/custom-rtl.css,DOC,lido,inventário V3
gestorssh/app-assets/css/components.css,DOC,lido,inventário V3
gestorssh/app-assets/css/colors.css,DOC,lido,inventário V3
gestorssh/app-assets/css/bootstrap.css,DOC,lido,inventário V3
gestorssh/app-assets/css/colors.min.css,DOC,lido,inventário V3
gestorssh/app-assets/css/bootstrap-extended.min.css,DOC,lido,inventário V3
gestorssh/app-assets/css/index.html,DOC,lido,inventário V3
gestorssh/app-assets/css/components.min.css,DOC,lido,inventário V3
gestorssh/app-assets/css/bootstrap-extended.css,DOC,lido,inventário V3
gestorssh/app-assets/css/bootstrap.min.css,DOC,lido,inventário V3
gestorssh/app-assets/data/projects-list.json,DOC,lido,inventário V3
gestorssh/app-assets/data/ajax.php,SEG,lido,inventário V3
gestorssh/app-assets/data/jstree-data.json,DOC,lido,inventário V3
gestorssh/app-assets/data/kanban.json,DOC,lido,inventário V3
gestorssh/app-assets/data/user-list.json,DOC,lido,inventário V3
gestorssh/app-assets/data/permissions-list.json,DOC,lido,inventário V3
gestorssh/app-assets/data/table-datatable.json,DOC,lido,inventário V3
gestorssh/app-assets/data/invoice-list.json,DOC,lido,inventário V3
gestorssh/app-assets/data/search.json,DOC,lido,inventário V3
gestorssh/app-assets/images/index.html,DOC,lido,inventário V3
gestorssh/app-assets/images/svg/google.svg,DOC,lido,inventário V3
gestorssh/app-assets/images/logo/favicon.ico,DOC,lido,inventário V3
gestorssh/app-assets/images/logo/logo.png,DOC,lido,inventário V3
gestorssh/app-assets/images/pages/login.png,DOC,lido,inventário V3
gestorssh/app-assets/images/illustration/faq-illustrations.svg,DOC,lido,inventário V3
gestorssh/app-assets/images/illustration/sales.svg,DOC,lido,inventário V3
gestorssh/app-assets/images/illustration/Pot3.svg,DOC,lido,inventário V3
gestorssh/app-assets/images/illustration/demand.svg,DOC,lido,inventário V3
gestorssh/app-assets/images/illustration/Pot1.svg,DOC,lido,inventário V3
gestorssh/app-assets/images/illustration/badge.svg,DOC,lido,inventário V3
gestorssh/app-assets/images/illustration/api.svg,DOC,lido,inventário V3
gestorssh/app-assets/images/illustration/verify-email-illustration.svg,DOC,lido,inventário V3
gestorssh/app-assets/images/illustration/Pot2.svg,DOC,lido,inventário V3
gestorssh/app-assets/images/illustration/pricing-Illustration.svg,DOC,lido,inventário V3
gestorssh/app-assets/images/illustration/verify-email-illustration-dark.svg,DOC,lido,inventário V3
gestorssh/app-assets/images/illustration/personalization.svg,DOC,lido,inventário V3
gestorssh/app-assets/images/illustration/email.svg,DOC,lido,inventário V3
gestorssh/app-assets/images/illustration/two-steps-verification-illustration-dark.svg,DOC,lido,inventário V3
gestorssh/app-assets/images/illustration/create-account.svg,DOC,lido,inventário V3
gestorssh/app-assets/images/illustration/marketing.svg,DOC,lido,inventário V3
gestorssh/app-assets/images/illustration/two-steps-verification-illustration.svg,DOC,lido,inventário V3
gestorssh/app-assets/images/ico/favicon.ico,DOC,lido,inventário V3
gestorssh/app-assets/images/background/store-bk.png,DOC,lido,inventário V3
gestorssh/app-assets/images/background/painel-rv.png,DOC,lido,inventário V3
gestorssh/app-assets/images/background/painel-ad.png,DOC,lido,inventário V3
gestorssh/app-assets/images/background/painel-ad1.png,DOC,lido,inventário V3
gestorssh/app-assets/images/docs/sanctum-logout-api.png,DOC,lido,inventário V3
gestorssh/app-assets/images/docs/sanctum-get-user-api.png,DOC,lido,inventário V3
gestorssh/app-assets/images/docs/sanctum-register-api.jpg,DOC,lido,inventário V3
gestorssh/app-assets/images/docs/register.PNG,DOC,lido,inventário V3
gestorssh/app-assets/images/docs/login1.png,DOC,lido,inventário V3
gestorssh/app-assets/images/docs/logout.PNG,DOC,lido,inventário V3
gestorssh/app-assets/images/docs/user.PNG,DOC,lido,inventário V3
gestorssh/app-assets/images/docs/sanctum-login-api.png,DOC,lido,inventário V3
gestorssh/app-assets/images/banner/banner-11.jpg,DOC,lido,inventário V3
gestorssh/app-assets/images/banner/banner-20.jpg,DOC,lido,inventário V3
gestorssh/app-assets/images/banner/banner-4.jpg,DOC,lido,inventário V3
gestorssh/app-assets/images/banner/banner.jpg,DOC,lido,inventário V3
gestorssh/app-assets/images/banner/banner.png,DOC,lido,inventário V3
gestorssh/app-assets/images/banner/banner-26.jpg,DOC,lido,inventário V3
gestorssh/app-assets/images/icons/json.png,DOC,lido,inventário V3
gestorssh/app-assets/images/icons/database.png,DOC,lido,inventário V3
gestorssh/app-assets/images/icons/internet.png,DOC,lido,inventário V3
gestorssh/app-assets/images/icons/google.png,DOC,lido,inventário V3
gestorssh/app-assets/images/icons/txt.png,DOC,lido,inventário V3
gestorssh/app-assets/images/icons/drive.png,DOC,lido,inventário V3
gestorssh/app-assets/images/icons/js.png,DOC,lido,inventário V3
gestorssh/app-assets/images/icons/book.svg,DOC,lido,inventário V3
gestorssh/app-assets/images/icons/dropbox.png,DOC,lido,inventário V3
gestorssh/app-assets/images/icons/internet-explorer.png,DOC,lido,inventário V3
gestorssh/app-assets/images/icons/star.svg,DOC,lido,inventário V3
gestorssh/app-assets/images/icons/xls.png,DOC,lido,inventário V3
gestorssh/app-assets/images/icons/parachute.svg,DOC,lido,inventário V3
gestorssh/app-assets/images/icons/onedrive.png,DOC,lido,inventário V3
gestorssh/app-assets/images/icons/qrcode.png,DOC,lido,inventário V3
gestorssh/app-assets/images/icons/opera.png,DOC,lido,inventário V3
gestorssh/app-assets/images/icons/speaker.svg,DOC,lido,inventário V3
gestorssh/app-assets/images/icons/rocket.svg,DOC,lido,inventário V3
gestorssh/app-assets/images/icons/vuejs.svg,DOC,lido,inventário V3
gestorssh/app-assets/images/icons/jpg.png,DOC,lido,inventário V3
gestorssh/app-assets/images/icons/sketch.png,DOC,lido,inventário V3
gestorssh/app-assets/images/icons/onedrivenew.png,DOC,lido,inventário V3
gestorssh/app-assets/images/icons/react.svg,DOC,lido,inventário V3
gestorssh/app-assets/images/icons/figma.svg,DOC,lido,inventário V3
gestorssh/app-assets/images/icons/icloud.png,DOC,lido,inventário V3
gestorssh/app-assets/images/icons/toolbox.svg,DOC,lido,inventário V3
gestorssh/app-assets/images/icons/bootstrap.svg,DOC,lido,inventário V3
gestorssh/app-assets/images/icons/doc.png,DOC,lido,inventário V3
gestorssh/app-assets/images/icons/unknown.png,DOC,lido,inventário V3
gestorssh/app-assets/images/icons/brush.svg,DOC,lido,inventário V3
gestorssh/app-assets/images/icons/mozila-firefox.png,DOC,lido,inventário V3
gestorssh/app-assets/images/icons/pdf.png,DOC,lido,inventário V3
gestorssh/app-assets/images/icons/apple-safari.png,DOC,lido,inventário V3
gestorssh/app-assets/images/icons/angular.svg,DOC,lido,inventário V3
gestorssh/app-assets/images/icons/icloud-1.png,DOC,lido,inventário V3
gestorssh/app-assets/images/icons/amazon.png,DOC,lido,inventário V3
gestorssh/app-assets/images/icons/google-chrome.png,DOC,lido,inventário V3
gestorssh/app-assets/images/icons/psd.png,DOC,lido,inventário V3
gestorssh/app-assets/images/raty/star-half-2.png,DOC,lido,inventário V3
gestorssh/app-assets/images/raty/star-on-2.png,DOC,lido,inventário V3
gestorssh/app-assets/images/avatars/avatar2.png,DOC,lido,inventário V3
gestorssh/app-assets/images/avatars/avatar4.png,DOC,lido,inventário V3
gestorssh/app-assets/images/avatars/avatar1.png,DOC,lido,inventário V3
gestorssh/app-assets/images/avatars/avatar6.png,DOC,lido,inventário V3
gestorssh/app-assets/images/avatars/avatar5.png,DOC,lido,inventário V3
gestorssh/app-assets/images/avatars/avatar3.png,DOC,lido,inventário V3
gestorssh/app-assets/images/icons/technology/react.png,DOC,lido,inventário V3
gestorssh/app-assets/images/icons/technology/angular.png,DOC,lido,inventário V3
gestorssh/app-assets/images/icons/technology/vue.png,DOC,lido,inventário V3
gestorssh/app-assets/images/icons/technology/laravel.png,DOC,lido,inventário V3
gestorssh/app-assets/images/icons/payments/american-ex.png,DOC,lido,inventário V3
gestorssh/app-assets/images/icons/payments/discover-cc.png,DOC,lido,inventário V3
gestorssh/app-assets/images/icons/payments/jcb-cc.png,DOC,lido,inventário V3
gestorssh/app-assets/images/icons/payments/visa-cc.png,DOC,lido,inventário V3
gestorssh/app-assets/images/icons/payments/uatp-cc.png,DOC,lido,inventário V3
gestorssh/app-assets/images/icons/payments/mastercard.png,DOC,lido,inventário V3
gestorssh/app-assets/images/icons/payments/mastercard-cc.png,DOC,lido,inventário V3
gestorssh/app-assets/images/icons/payments/maestro-cc.png,DOC,lido,inventário V3
gestorssh/app-assets/images/icons/payments/diners-cc.png,DOC,lido,inventário V3
gestorssh/app-assets/images/icons/payments/visa.png,DOC,lido,inventário V3
gestorssh/app-assets/images/icons/payments/amex-cc.png,DOC,lido,inventário V3
gestorssh/app-assets/images/icons/social/facebook.png,DOC,lido,inventário V3
gestorssh/app-assets/images/icons/social/google.png,DOC,lido,inventário V3
gestorssh/app-assets/images/icons/social/github.png,DOC,lido,inventário V3
gestorssh/app-assets/images/icons/social/linkedin.png,DOC,lido,inventário V3
gestorssh/app-assets/images/icons/social/behance.png,DOC,lido,inventário V3
gestorssh/app-assets/images/icons/social/asana.png,DOC,lido,inventário V3
gestorssh/app-assets/images/icons/social/mailchimp.png,DOC,lido,inventário V3
gestorssh/app-assets/images/icons/social/dribbble.png,DOC,lido,inventário V3
gestorssh/app-assets/images/icons/social/twitter.png,DOC,lido,inventário V3
gestorssh/app-assets/images/icons/social/instagram.png,DOC,lido,inventário V3
gestorssh/app-assets/images/icons/social/slack.png,DOC,lido,inventário V3
gestorssh/app-assets/images/icons/file-icons/onedrive.png,DOC,lido,inventário V3
gestorssh/app-assets/images/icons/file-icons/sketch.png,DOC,lido,inventário V3
gestorssh/app-assets/images/icons/file-icons/doc.png,DOC,lido,inventário V3
gestorssh/app-assets/images/icons/file-icons/pdf.png,DOC,lido,inventário V3
gestorssh/app-assets/images/icons/file-icons/psd.png,DOC,lido,inventário V3
gestorssh/app-assets/images/icons/brands/xd-label.png,DOC,lido,inventário V3
gestorssh/app-assets/images/icons/brands/event-label.png,DOC,lido,inventário V3
gestorssh/app-assets/images/icons/brands/support-label.png,DOC,lido,inventário V3
gestorssh/app-assets/images/icons/brands/html-label.png,DOC,lido,inventário V3
gestorssh/app-assets/images/icons/brands/react-label.png,DOC,lido,inventário V3
gestorssh/app-assets/images/icons/brands/twitter-label.png,DOC,lido,inventário V3
gestorssh/app-assets/images/icons/brands/sketch-label.png,DOC,lido,inventário V3
gestorssh/app-assets/images/icons/brands/social-label.png,DOC,lido,inventário V3
gestorssh/app-assets/images/icons/brands/figma-label.png,DOC,lido,inventário V3
gestorssh/app-assets/images/icons/brands/vue-label.png,DOC,lido,inventário V3
gestorssh/app-assets/images/jstree/themes/default/40px.png,DOC,lido,inventário V3
gestorssh/app-assets/images/jstree/themes/default/32px.png,DOC,lido,inventário V3
gestorssh/app-assets/images/jstree/themes/default/throbber.gif,DOC,lido,inventário V3
gestorssh/app-assets/images/jstree/themes/default-dark/40px.png,DOC,lido,inventário V3
gestorssh/app-assets/images/jstree/themes/default-dark/32px.png,DOC,lido,inventário V3
gestorssh/app-assets/images/jstree/themes/default-dark/throbber.gif,DOC,lido,inventário V3
gestorssh/app-assets/images/pages/login/twitter.svg,DOC,lido,inventário V3
gestorssh/app-assets/images/pages/login/github.svg,DOC,lido,inventário V3
gestorssh/app-assets/images/pages/login/google.svg,DOC,lido,inventário V3
gestorssh/app-assets/images/pages/login/facebook.svg,DOC,lido,inventário V3
gestorssh/app-assets/vendors/js/vendors.min.js,DOC,lido,inventário V3
gestorssh/app-assets/vendors/css/vendors-rtl.min.css,DOC,lido,inventário V3
gestorssh/app-assets/vendors/css/vendors.min.css,DOC,lido,inventário V3
gestorssh/app-assets/vendors/css/documentation.css,DOC,lido,inventário V3
gestorssh/app-assets/vendors/css/extensions/jquery.contextMenu.min.css,DOC,lido,inventário V3
gestorssh/app-assets/vendors/css/extensions/shepherd.min.css,DOC,lido,inventário V3
gestorssh/app-assets/vendors/css/extensions/32px.png,DOC,lido,inventário V3
gestorssh/app-assets/vendors/css/extensions/jstree.min.css,DOC,lido,inventário V3
gestorssh/app-assets/vendors/css/extensions/dragula.min.css,DOC,lido,inventário V3
gestorssh/app-assets/vendors/css/extensions/toastr.min.css,DOC,lido,inventário V3
gestorssh/app-assets/vendors/css/extensions/swiper.min.css,DOC,lido,inventário V3
gestorssh/app-assets/vendors/css/extensions/tether.min.css,DOC,lido,inventário V3
gestorssh/app-assets/vendors/css/extensions/plyr.min.css,DOC,lido,inventário V3
gestorssh/app-assets/vendors/css/extensions/tether-theme-arrows.css,DOC,lido,inventário V3
gestorssh/app-assets/vendors/css/extensions/nouislider.min.css,DOC,lido,inventário V3
gestorssh/app-assets/vendors/css/extensions/sweetalert2.min.css,DOC,lido,inventário V3
gestorssh/app-assets/vendors/css/extensions/jquery.rateyo.min.css,DOC,lido,inventário V3
gestorssh/app-assets/vendors/css/animate/animate.css,DOC,lido,inventário V3
gestorssh/app-assets/vendors/css/animate/animate.min.css,DOC,lido,inventário V3
gestorssh/app-assets/vendors/css/maps/leaflet.min.css,DOC,lido,inventário V3
gestorssh/app-assets/vendors/css/ui/prism.min.css,DOC,lido,inventário V3
gestorssh/app-assets/vendors/css/ui/prism-treeview.css,DOC,lido,inventário V3
gestorssh/app-assets/vendors/css/modal/google.css,DOC,lido,inventário V3
gestorssh/app-assets/vendors/css/modal/facebook.css,DOC,lido,inventário V3
gestorssh/app-assets/vendors/css/modal/twitter.css,DOC,lido,inventário V3
gestorssh/app-assets/vendors/css/calendars/fullcalendar.min.css,DOC,lido,inventário V3
gestorssh/app-assets/vendors/css/calendars/fullcalendar.print.css,DOC,lido,inventário V3
gestorssh/app-assets/vendors/css/waves/waves.min.css,DOC,lido,inventário V3
gestorssh/app-assets/vendors/css/jkanban/jkanban.min.css,DOC,lido,inventário V3
gestorssh/app-assets/vendors/css/flag-icons/flag-icons.min.css,DOC,lido,inventário V3
gestorssh/app-assets/vendors/css/feather-icons/feather-icons.min.css,DOC,lido,inventário V3
gestorssh/app-assets/vendors/css/weather-icons/climacons.min.css,DOC,lido,inventário V3
gestorssh/app-assets/vendors/css/perfect-scrollbar/perfect-scrollbar.min.css,DOC,lido,inventário V3
gestorssh/app-assets/vendors/css/pace/pace.min.css,DOC,lido,inventário V3
gestorssh/app-assets/vendors/css/file-uploaders/dropzone.min.css,DOC,lido,inventário V3
gestorssh/app-assets/vendors/css/charts/apexcharts.css,DOC,lido,inventário V3
gestorssh/app-assets/vendors/css/forms/wizard/bs-stepper.min.css,DOC,lido,inventário V3
gestorssh/app-assets/vendors/css/forms/toggle/switchery.css,DOC,lido,inventário V3
gestorssh/app-assets/vendors/css/forms/toggle/switchery.min.css,DOC,lido,inventário V3
gestorssh/app-assets/vendors/css/forms/spinner/jquery.bootstrap-touchspin.css,DOC,lido,inventário V3
gestorssh/app-assets/vendors/css/forms/select/select2.min.css,DOC,lido,inventário V3
gestorssh/app-assets/vendors/css/editors/quill/quill.snow.css,DOC,lido,inventário V3
gestorssh/app-assets/vendors/css/editors/quill/monokai-sublime.min.css,DOC,lido,inventário V3
gestorssh/app-assets/vendors/css/editors/quill/quill.bubble.css,DOC,lido,inventário V3
gestorssh/app-assets/vendors/css/editors/quill/katex.min.css,DOC,lido,inventário V3
gestorssh/app-assets/vendors/css/editors/quill/fonts/KaTeX_Main-Regular.woff2,DOC,lido,inventário V3
gestorssh/app-assets/vendors/css/editors/quill/fonts/KaTeX_Math-Italic.woff2,DOC,lido,inventário V3
gestorssh/app-assets/vendors/css/pickers/pickadate/classic.css,DOC,lido,inventário V3
gestorssh/app-assets/vendors/css/pickers/pickadate/classic.time.css,DOC,lido,inventário V3
gestorssh/app-assets/vendors/css/pickers/pickadate/classic.date.css,DOC,lido,inventário V3
gestorssh/app-assets/vendors/css/pickers/pickadate/default.time.css,DOC,lido,inventário V3
gestorssh/app-assets/vendors/css/pickers/pickadate/default.css,DOC,lido,inventário V3
gestorssh/app-assets/vendors/css/pickers/pickadate/pickadate.css,DOC,lido,inventário V3
gestorssh/app-assets/vendors/css/pickers/flatpickr/flatpickr.min.css,DOC,lido,inventário V3
gestorssh/app-assets/vendors/css/maps/images/marker-icon.png,DOC,lido,inventário V3
gestorssh/app-assets/vendors/css/maps/images/layers-2x.png,DOC,lido,inventário V3
gestorssh/app-assets/vendors/css/maps/images/marker-icon-2x.png,DOC,lido,inventário V3
gestorssh/app-assets/vendors/css/maps/images/layers.png,DOC,lido,inventário V3
gestorssh/app-assets/vendors/css/maps/images/marker-shadow.png,DOC,lido,inventário V3
gestorssh/app-assets/vendors/css/extensions/dd-icon/dd-icon.ttf,DOC,lido,inventário V3
gestorssh/app-assets/vendors/css/extensions/dd-icon/dd-icon.woff,DOC,lido,inventário V3
gestorssh/app-assets/vendors/css/extensions/dd-icon/dd-icon.svg,DOC,lido,inventário V3
gestorssh/app-assets/vendors/css/extensions/dd-icon/dd-icon.eot,DOC,lido,inventário V3
gestorssh/app-assets/vendors/css/tables/datatable/responsive.bootstrap.min.css,DOC,lido,inventário V3
gestorssh/app-assets/vendors/css/tables/datatable/dataTables.bootstrap5.min.css,DOC,lido,inventário V3
gestorssh/app-assets/vendors/css/tables/datatable/responsive.bootstrap5.min.css,DOC,lido,inventário V3
gestorssh/app-assets/vendors/css/tables/datatable/rowGroup.bootstrap5.min.css,DOC,lido,inventário V3
gestorssh/app-assets/vendors/css/tables/datatable/buttons.bootstrap5.min.css,DOC,lido,inventário V3
gestorssh/app-assets/vendors/css/tables/datatable/select.dataTables.min.css,DOC,lido,inventário V3
gestorssh/app-assets/vendors/css/tables/datatable/extensions/dataTables.checkboxes.css,DOC,lido,inventário V3
gestorssh/app-assets/vendors/js/internationalization/i18n-xhr.min.js,DOC,lido,inventário V3
gestorssh/app-assets/vendors/js/internationalization/i18n.min.js,DOC,lido,inventário V3
gestorssh/app-assets/vendors/js/internationalization/lang-detector.min.js,DOC,lido,inventário V3
gestorssh/app-assets/vendors/js/internationalization/i18n-jquery.min.js,DOC,lido,inventário V3
gestorssh/app-assets/vendors/js/extensions/plyr.min.js,DOC,lido,inventário V3
gestorssh/app-assets/vendors/js/extensions/polyfill.min.js,DOC,lido,inventário V3
gestorssh/app-assets/vendors/js/extensions/transition.js,DOC,lido,inventário V3
gestorssh/app-assets/vendors/js/extensions/toastr.min.js,DOC,lido,inventário V3
gestorssh/app-assets/vendors/js/extensions/jquery.mousewheel.min.js,DOC,lido,inventário V3
gestorssh/app-assets/vendors/js/extensions/jquery.rateyo.min.js,DOC,lido,inventário V3
gestorssh/app-assets/vendors/js/extensions/locale-all.js,DOC,lido,inventário V3
gestorssh/app-assets/vendors/js/extensions/shepherd.min.js,DOC,lido,inventário V3
gestorssh/app-assets/vendors/js/extensions/jquery.ui.position.min.js,DOC,lido,inventário V3
gestorssh/app-assets/vendors/js/extensions/lang-all.js,DOC,lido,inventário V3
gestorssh/app-assets/vendors/js/extensions/tether.min.js,DOC,lido,inventário V3
gestorssh/app-assets/vendors/js/extensions/moment.min.js,DOC,lido,inventário V3
gestorssh/app-assets/vendors/js/extensions/wNumb.min.js,DOC,lido,inventário V3
gestorssh/app-assets/vendors/js/extensions/jquery-i18next.min.js,DOC,lido,inventário V3
gestorssh/app-assets/vendors/js/extensions/dragula.min.js,DOC,lido,inventário V3
gestorssh/app-assets/vendors/js/extensions/i18next.min.js,DOC,lido,inventário V3
gestorssh/app-assets/vendors/js/extensions/jquery.contextMenu.min.js,DOC,lido,inventário V3
gestorssh/app-assets/vendors/js/extensions/swiper.min.js,DOC,lido,inventário V3
gestorssh/app-assets/vendors/js/extensions/i18nextXHRBackend.min.js,DOC,lido,inventário V3
gestorssh/app-assets/vendors/js/extensions/plyr.polyfilled.min.js,DOC,lido,inventário V3
gestorssh/app-assets/vendors/js/extensions/jstree.min.js,DOC,lido,inventário V3
gestorssh/app-assets/vendors/js/extensions/sweetalert2.all.min.js,DOC,lido,inventário V3
gestorssh/app-assets/vendors/js/extensions/nouislider.min.js,DOC,lido,inventário V3
gestorssh/app-assets/vendors/js/extensions/i18nextBrowserLanguageDetector.min.js,DOC,lido,inventário V3
gestorssh/app-assets/vendors/js/maps/leaflet.min.js,DOC,lido,inventário V3
gestorssh/app-assets/vendors/js/ui/jquery.sticky-kit.min.js,DOC,lido,inventário V3
gestorssh/app-assets/vendors/js/ui/prism.min.js,DOC,lido,inventário V3
gestorssh/app-assets/vendors/js/ui/prism-treeview.js,DOC,lido,inventário V3
gestorssh/app-assets/vendors/js/ui/affix.js,DOC,lido,inventário V3
gestorssh/app-assets/vendors/js/ui/jquery.sticky.js,DOC,lido,inventário V3
gestorssh/app-assets/vendors/js/popper/popper.min.js,DOC,lido,inventário V3
gestorssh/app-assets/vendors/js/waves/waves.min.js,DOC,lido,inventário V3
gestorssh/app-assets/vendors/js/calendar/fullcalendar.min.js,DOC,lido,inventário V3
gestorssh/app-assets/vendors/js/jkanban/jkanban.min.js,DOC,lido,inventário V3
gestorssh/app-assets/vendors/js/pagination/jquery.bootpag.min.js,DOC,lido,inventário V3
gestorssh/app-assets/vendors/js/pagination/jquery.twbsPagination.min.js,DOC,lido,inventário V3
gestorssh/app-assets/vendors/js/unison-js/unison-js.min.js,DOC,lido,inventário V3
gestorssh/app-assets/vendors/js/feather-icons/feather-icons.min.js,DOC,lido,inventário V3
gestorssh/app-assets/vendors/js/promises/promises.min.js,DOC,lido,inventário V3
gestorssh/app-assets/vendors/js/jquery/jquery.min.js,DOC,lido,inventário V3
gestorssh/app-assets/vendors/js/perfectscrollbar/perfect-scrollbar.min.js,DOC,lido,inventário V3
gestorssh/app-assets/vendors/js/hammer/hammer.min.js,DOC,lido,inventário V3
gestorssh/app-assets/vendors/js/pace/pace.min.js,DOC,lido,inventário V3
gestorssh/app-assets/vendors/js/file-uploaders/dropzone.min.js,DOC,lido,inventário V3
gestorssh/app-assets/vendors/js/bootstrap/bootstrap.min.js,DOC,lido,inventário V3
gestorssh/app-assets/vendors/js/blockui/blockui.min.js,DOC,lido,inventário V3
gestorssh/app-assets/vendors/js/charts/apexcharts.js,DOC,lido,inventário V3
gestorssh/app-assets/vendors/js/charts/apexcharts.min.js,DOC,lido,inventário V3
gestorssh/app-assets/vendors/js/charts/chart.min.js,DOC,lido,inventário V3
gestorssh/app-assets/vendors/js/forms/wizard/bs-stepper.min.js,DOC,lido,inventário V3
gestorssh/app-assets/vendors/js/forms/toggle/switchery.js,DOC,lido,inventário V3
gestorssh/app-assets/vendors/js/forms/toggle/switchery.min.js,DOC,lido,inventário V3
gestorssh/app-assets/vendors/js/forms/spinner/jquery.bootstrap-touchspin.js,DOC,lido,inventário V3
gestorssh/app-assets/vendors/js/forms/select/select2.full.min.js,DOC,lido,inventário V3
gestorssh/app-assets/vendors/js/forms/validation/jquery.validate.min.js,DOC,lido,inventário V3
gestorssh/app-assets/vendors/js/forms/cleave/cleave.min.js,DOC,lido,inventário V3
gestorssh/app-assets/vendors/js/forms/repeater/jquery.repeater.min.js,DOC,lido,inventário V3
gestorssh/app-assets/vendors/js/forms/cleave/addons/cleave-phone.pr.js,DOC,lido,inventário V3
gestorssh/app-assets/vendors/js/forms/cleave/addons/cleave-phone.lk.js,DOC,lido,inventário V3
gestorssh/app-assets/vendors/js/forms/cleave/addons/cleave-phone.ao.js,DOC,lido,inventário V3
gestorssh/app-assets/vendors/js/forms/cleave/addons/cleave-phone.uz.js,DOC,lido,inventário V3
gestorssh/app-assets/vendors/js/forms/cleave/addons/cleave-phone.ki.js,DOC,lido,inventário V3
gestorssh/app-assets/vendors/js/forms/cleave/addons/cleave-phone.ca.js,DOC,lido,inventário V3
gestorssh/app-assets/vendors/js/forms/cleave/addons/cleave-phone.cm.js,DOC,lido,inventário V3
gestorssh/app-assets/vendors/js/forms/cleave/addons/cleave-phone.gi.js,DOC,lido,inventário V3
gestorssh/app-assets/vendors/js/forms/cleave/addons/cleave-phone.vn.js,DOC,lido,inventário V3
gestorssh/app-assets/vendors/js/forms/cleave/addons/cleave-phone.na.js,DOC,lido,inventário V3
gestorssh/app-assets/vendors/js/forms/cleave/addons/cleave-phone.kg.js,DOC,lido,inventário V3
gestorssh/app-assets/vendors/js/forms/cleave/addons/cleave-phone.cr.js,DOC,lido,inventário V3
gestorssh/app-assets/vendors/js/forms/cleave/addons/cleave-phone.jo.js,DOC,lido,inventário V3
gestorssh/app-assets/vendors/js/forms/cleave/addons/cleave-phone.rw.js,DOC,lido,inventário V3
gestorssh/app-assets/vendors/js/forms/cleave/addons/cleave-phone.pk.js,DOC,lido,inventário V3
gestorssh/app-assets/vendors/js/forms/cleave/addons/cleave-phone.by.js,DOC,lido,inventário V3
gestorssh/app-assets/vendors/js/forms/cleave/addons/cleave-phone.gm.js,DOC,lido,inventário V3
gestorssh/app-assets/vendors/js/forms/cleave/addons/cleave-phone.tz.js,DOC,lido,inventário V3
gestorssh/app-assets/vendors/js/forms/cleave/addons/cleave-phone.tl.js,DOC,lido,inventário V3
gestorssh/app-assets/vendors/js/forms/cleave/addons/cleave-phone.se.js,DOC,lido,inventário V3
gestorssh/app-assets/vendors/js/forms/cleave/addons/cleave-phone.bw.js,DOC,lido,inventário V3
gestorssh/app-assets/vendors/js/forms/cleave/addons/cleave-phone.la.js,DOC,lido,inventário V3
gestorssh/app-assets/vendors/js/forms/cleave/addons/cleave-phone.ae.js,DOC,lido,inventário V3
gestorssh/app-assets/vendors/js/forms/cleave/addons/cleave-phone.tn.js,DOC,lido,inventário V3
gestorssh/app-assets/vendors/js/forms/cleave/addons/cleave-phone.do.js,DOC,lido,inventário V3
gestorssh/app-assets/vendors/js/forms/cleave/addons/cleave-phone.as.js,DOC,lido,inventário V3
gestorssh/app-assets/vendors/js/forms/cleave/addons/cleave-phone.lu.js,DOC,lido,inventário V3
gestorssh/app-assets/vendors/js/forms/cleave/addons/cleave-phone.sv.js,DOC,lido,inventário V3
gestorssh/app-assets/vendors/js/forms/cleave/addons/cleave-phone.ht.js,DOC,lido,inventário V3
gestorssh/app-assets/vendors/js/forms/cleave/addons/cleave-phone.ml.js,DOC,lido,inventário V3
gestorssh/app-assets/vendors/js/forms/cleave/addons/cleave-phone.ec.js,DOC,lido,inventário V3
gestorssh/app-assets/vendors/js/forms/cleave/addons/cleave-phone.iq.js,DOC,lido,inventário V3
gestorssh/app-assets/vendors/js/forms/cleave/addons/cleave-phone.bl.js,DOC,lido,inventário V3
gestorssh/app-assets/vendors/js/forms/cleave/addons/cleave-phone.mh.js,DOC,lido,inventário V3
gestorssh/app-assets/vendors/js/forms/cleave/addons/cleave-phone.au-cn.js,DOC,lido,inventário V3
gestorssh/app-assets/vendors/js/forms/cleave/addons/cleave-phone.sm.js,DOC,lido,inventário V3
gestorssh/app-assets/vendors/js/forms/cleave/addons/cleave-phone.eh.js,DOC,lido,inventário V3
gestorssh/app-assets/vendors/js/forms/cleave/addons/cleave-phone.bi.js,DOC,lido,inventário V3
gestorssh/app-assets/vendors/js/forms/cleave/addons/cleave-phone.sg.js,DOC,lido,inventário V3
gestorssh/app-assets/vendors/js/forms/cleave/addons/cleave-phone.mk.js,DOC,lido,inventário V3
gestorssh/app-assets/vendors/js/forms/cleave/addons/cleave-phone.ie.js,DOC,lido,inventário V3
gestorssh/app-assets/vendors/js/forms/cleave/addons/cleave-phone.fr.js,DOC,lido,inventário V3
gestorssh/app-assets/vendors/js/forms/cleave/addons/cleave-phone.er.js,DOC,lido,inventário V3
gestorssh/app-assets/vendors/js/forms/cleave/addons/cleave-phone.qa.js,DOC,lido,inventário V3
gestorssh/app-assets/vendors/js/forms/cleave/addons/cleave-phone.bn.js,DOC,lido,inventário V3
gestorssh/app-assets/vendors/js/forms/cleave/addons/cleave-phone.jm.js,DOC,lido,inventário V3
gestorssh/app-assets/vendors/js/forms/cleave/addons/cleave-phone.io.js,DOC,lido,inventário V3
gestorssh/app-assets/vendors/js/forms/cleave/addons/cleave-phone.es.js,DOC,lido,inventário V3
gestorssh/app-assets/vendors/js/forms/cleave/addons/cleave-phone.cl.js,DOC,lido,inventário V3
gestorssh/app-assets/vendors/js/forms/cleave/addons/cleave-phone.th.js,DOC,lido,inventário V3
gestorssh/app-assets/vendors/js/forms/cleave/addons/cleave-phone.yt.js,DOC,lido,inventário V3
gestorssh/app-assets/vendors/js/forms/cleave/addons/cleave-phone.im.js,DOC,lido,inventário V3
gestorssh/app-assets/vendors/js/forms/cleave/addons/cleave-phone.i18n.js,DOC,lido,inventário V3
gestorssh/app-assets/vendors/js/forms/cleave/addons/cleave-phone.re.js,DOC,lido,inventário V3
gestorssh/app-assets/vendors/js/forms/cleave/addons/cleave-phone.lt.js,DOC,lido,inventário V3
gestorssh/app-assets/vendors/js/forms/cleave/addons/cleave-phone.aw.js,DOC,lido,inventário V3
gestorssh/app-assets/vendors/js/forms/cleave/addons/cleave-phone.ad.js,DOC,lido,inventário V3
gestorssh/app-assets/vendors/js/forms/cleave/addons/cleave-phone.au.js,DOC,lido,inventário V3
gestorssh/app-assets/vendors/js/forms/cleave/addons/cleave-phone.cu.js,DOC,lido,inventário V3
gestorssh/app-assets/vendors/js/forms/cleave/addons/cleave-phone.sn.js,DOC,lido,inventário V3
gestorssh/app-assets/vendors/js/forms/cleave/addons/cleave-phone.ir.js,DOC,lido,inventário V3
gestorssh/app-assets/vendors/js/forms/cleave/addons/cleave-phone.bg.js,DOC,lido,inventário V3
gestorssh/app-assets/vendors/js/forms/cleave/addons/cleave-phone.td.js,DOC,lido,inventário V3
gestorssh/app-assets/vendors/js/forms/cleave/addons/cleave-phone.et.js,DOC,lido,inventário V3
gestorssh/app-assets/vendors/js/forms/cleave/addons/cleave-phone.us.js,DOC,lido,inventário V3
gestorssh/app-assets/vendors/js/forms/cleave/addons/cleave-phone.gt.js,DOC,lido,inventário V3
gestorssh/app-assets/vendors/js/forms/cleave/addons/cleave-phone.va.js,DOC,lido,inventário V3
gestorssh/app-assets/vendors/js/forms/cleave/addons/cleave-phone.py.js,DOC,lido,inventário V3
gestorssh/app-assets/vendors/js/forms/cleave/addons/cleave-phone.pm.js,DOC,lido,inventário V3
gestorssh/app-assets/vendors/js/forms/cleave/addons/cleave-phone.st.js,DOC,lido,inventário V3
gestorssh/app-assets/vendors/js/forms/cleave/addons/cleave-phone.cc.js,DOC,lido,inventário V3
gestorssh/app-assets/vendors/js/forms/cleave/addons/cleave-phone.tv.js,DOC,lido,inventário V3
gestorssh/app-assets/vendors/js/forms/cleave/addons/cleave-phone.sr.js,DOC,lido,inventário V3
gestorssh/app-assets/vendors/js/forms/cleave/addons/cleave-phone.ng.js,DOC,lido,inventário V3
gestorssh/app-assets/vendors/js/forms/cleave/addons/cleave-phone.ru.js,DOC,lido,inventário V3
gestorssh/app-assets/vendors/js/forms/cleave/addons/cleave-phone.tc.js,DOC,lido,inventário V3
gestorssh/app-assets/vendors/js/forms/cleave/addons/cleave-phone.bh.js,DOC,lido,inventário V3
gestorssh/app-assets/vendors/js/forms/cleave/addons/cleave-phone.mv.js,DOC,lido,inventário V3
gestorssh/app-assets/vendors/js/forms/cleave/addons/cleave-phone.mo.js,DOC,lido,inventário V3
gestorssh/app-assets/vendors/js/forms/cleave/addons/cleave-phone.hr.js,DOC,lido,inventário V3
gestorssh/app-assets/vendors/js/forms/cleave/addons/cleave-phone.gl.js,DOC,lido,inventário V3
gestorssh/app-assets/vendors/js/forms/cleave/addons/cleave-phone.sx.js,DOC,lido,inventário V3
gestorssh/app-assets/vendors/js/forms/cleave/addons/cleave-phone.id.js,DOC,lido,inventário V3
gestorssh/app-assets/vendors/js/forms/cleave/addons/cleave-phone.bq.js,DOC,lido,inventário V3
gestorssh/app-assets/vendors/js/forms/cleave/addons/cleave-phone.gn.js,DOC,lido,inventário V3
gestorssh/app-assets/vendors/js/forms/cleave/addons/cleave-phone.rs.js,DOC,lido,inventário V3
gestorssh/app-assets/vendors/js/forms/cleave/addons/cleave-phone.mm.js,DOC,lido,inventário V3
gestorssh/app-assets/vendors/js/forms/cleave/addons/cleave-phone.sc.js,DOC,lido,inventário V3
gestorssh/app-assets/vendors/js/forms/cleave/addons/cleave-phone.nf.js,DOC,lido,inventário V3
gestorssh/app-assets/vendors/js/forms/cleave/addons/cleave-phone.cd.js,DOC,lido,inventário V3
gestorssh/app-assets/vendors/js/forms/cleave/addons/cleave-phone.nc.js,DOC,lido,inventário V3
gestorssh/app-assets/vendors/js/forms/cleave/addons/cleave-phone.gy.js,DOC,lido,inventário V3
gestorssh/app-assets/vendors/js/forms/cleave/addons/cleave-phone.ug.js,DOC,lido,inventário V3
gestorssh/app-assets/vendors/js/forms/cleave/addons/cleave-phone.bf.js,DOC,lido,inventário V3
gestorssh/app-assets/vendors/js/forms/cleave/addons/cleave-phone.lr.js,DOC,lido,inventário V3
gestorssh/app-assets/vendors/js/forms/cleave/addons/cleave-phone.in.js,DOC,lido,inventário V3
gestorssh/app-assets/vendors/js/forms/cleave/addons/cleave-phone.mq.js,DOC,lido,inventário V3
gestorssh/app-assets/vendors/js/forms/cleave/addons/cleave-phone.cf.js,DOC,lido,inventário V3
gestorssh/app-assets/vendors/js/forms/cleave/addons/cleave-phone.ly.js,DOC,lido,inventário V3
gestorssh/app-assets/vendors/js/forms/cleave/addons/cleave-phone.ck.js,DOC,lido,inventário V3
gestorssh/app-assets/vendors/js/forms/cleave/addons/cleave-phone.my.js,DOC,lido,inventário V3
gestorssh/app-assets/vendors/js/forms/cleave/addons/cleave-phone.az.js,DOC,lido,inventário V3
gestorssh/app-assets/vendors/js/forms/cleave/addons/cleave-phone.vc.js,DOC,lido,inventário V3
gestorssh/app-assets/vendors/js/forms/cleave/addons/cleave-phone.vg.js,DOC,lido,inventário V3
gestorssh/app-assets/vendors/js/forms/cleave/addons/cleave-phone.kp.js,DOC,lido,inventário V3
gestorssh/app-assets/vendors/js/forms/cleave/addons/cleave-phone.ls.js,DOC,lido,inventário V3
gestorssh/app-assets/vendors/js/forms/cleave/addons/cleave-phone.li.js,DOC,lido,inventário V3
gestorssh/app-assets/vendors/js/forms/cleave/addons/cleave-phone.ba.js,DOC,lido,inventário V3
gestorssh/app-assets/vendors/js/forms/cleave/addons/cleave-phone.ag.js,DOC,lido,inventário V3
gestorssh/app-assets/vendors/js/forms/cleave/addons/cleave-phone.nr.js,DOC,lido,inventário V3
gestorssh/app-assets/vendors/js/forms/cleave/addons/cleave-phone.be.js,DOC,lido,inventário V3
gestorssh/app-assets/vendors/js/forms/cleave/addons/cleave-phone.ni.js,DOC,lido,inventário V3
gestorssh/app-assets/vendors/js/forms/cleave/addons/cleave-phone.je.js,DOC,lido,inventário V3
gestorssh/app-assets/vendors/js/forms/cleave/addons/cleave-phone.br.js,DOC,lido,inventário V3
gestorssh/app-assets/vendors/js/forms/cleave/addons/cleave-phone.ai.js,DOC,lido,inventário V3
gestorssh/app-assets/vendors/js/forms/cleave/addons/cleave-phone.sa.js,DOC,lido,inventário V3
gestorssh/app-assets/vendors/js/forms/cleave/addons/cleave-phone.dz.js,DOC,lido,inventário V3
gestorssh/app-assets/vendors/js/forms/cleave/addons/cleave-phone.za.js,DOC,lido,inventário V3
gestorssh/app-assets/vendors/js/forms/cleave/addons/cleave-phone.lb.js,DOC,lido,inventário V3
gestorssh/app-assets/vendors/js/forms/cleave/addons/cleave-phone.gq.js,DOC,lido,inventário V3
gestorssh/app-assets/vendors/js/forms/cleave/addons/cleave-phone.cw.js,DOC,lido,inventário V3
gestorssh/app-assets/vendors/js/forms/cleave/addons/cleave-phone.lv.js,DOC,lido,inventário V3
gestorssh/app-assets/vendors/js/forms/cleave/addons/cleave-phone.tr.js,DOC,lido,inventário V3
gestorssh/app-assets/vendors/js/forms/cleave/addons/cleave-phone.ac.js,DOC,lido,inventário V3
gestorssh/app-assets/vendors/js/forms/cleave/addons/cleave-phone.il.js,DOC,lido,inventário V3
gestorssh/app-assets/vendors/js/forms/cleave/addons/cleave-phone.cv.js,DOC,lido,inventário V3
gestorssh/app-assets/vendors/js/forms/cleave/addons/cleave-phone.sl.js,DOC,lido,inventário V3
gestorssh/app-assets/vendors/js/forms/cleave/addons/cleave-phone.so.js,DOC,lido,inventário V3
gestorssh/app-assets/vendors/js/forms/cleave/addons/cleave-phone.uy.js,DOC,lido,inventário V3
gestorssh/app-assets/vendors/js/forms/cleave/addons/cleave-phone.ky.js,DOC,lido,inventário V3
gestorssh/app-assets/vendors/js/forms/cleave/addons/cleave-phone.sj.js,DOC,lido,inventário V3
gestorssh/app-assets/vendors/js/forms/cleave/addons/cleave-phone.tt.js,DOC,lido,inventário V3
gestorssh/app-assets/vendors/js/forms/cleave/addons/cleave-phone.om.js,DOC,lido,inventário V3
gestorssh/app-assets/vendors/js/forms/cleave/addons/cleave-phone.bj.js,DOC,lido,inventário V3
gestorssh/app-assets/vendors/js/forms/cleave/addons/cleave-phone.it.js,DOC,lido,inventário V3
gestorssh/app-assets/vendors/js/forms/cleave/addons/cleave-phone.pw.js,DOC,lido,inventário V3
gestorssh/app-assets/vendors/js/forms/cleave/addons/cleave-phone.at.js,DOC,lido,inventário V3
gestorssh/app-assets/vendors/js/forms/cleave/addons/cleave-phone.ro.js,DOC,lido,inventário V3
gestorssh/app-assets/vendors/js/forms/cleave/addons/cleave-phone.ms.js,DOC,lido,inventário V3
gestorssh/app-assets/vendors/js/forms/cleave/addons/cleave-phone.mp.js,DOC,lido,inventário V3
gestorssh/app-assets/vendors/js/forms/cleave/addons/cleave-phone.mg.js,DOC,lido,inventário V3
gestorssh/app-assets/vendors/js/forms/cleave/addons/cleave-phone.wf.js,DOC,lido,inventário V3
gestorssh/app-assets/vendors/js/forms/cleave/addons/cleave-phone.mf.js,DOC,lido,inventário V3
gestorssh/app-assets/vendors/js/forms/cleave/addons/cleave-phone.cx.js,DOC,lido,inventário V3
gestorssh/app-assets/vendors/js/forms/cleave/addons/cleave-phone.gf.js,DOC,lido,inventário V3
gestorssh/app-assets/vendors/js/forms/cleave/addons/cleave-phone.pe.js,DOC,lido,inventário V3
gestorssh/app-assets/vendors/js/forms/cleave/addons/cleave-phone.sk.js,DOC,lido,inventário V3
gestorssh/app-assets/vendors/js/forms/cleave/addons/cleave-phone.ma.js,DOC,lido,inventário V3
gestorssh/app-assets/vendors/js/forms/cleave/addons/cleave-phone.ch.js,DOC,lido,inventário V3
gestorssh/app-assets/vendors/js/forms/cleave/addons/cleave-phone.cy.js,DOC,lido,inventário V3
gestorssh/app-assets/vendors/js/forms/cleave/addons/cleave-phone.pt.js,DOC,lido,inventário V3
gestorssh/app-assets/vendors/js/forms/cleave/addons/cleave-phone.ne.js,DOC,lido,inventário V3
gestorssh/app-assets/vendors/js/forms/cleave/addons/cleave-phone.ph.js,DOC,lido,inventário V3
gestorssh/app-assets/vendors/js/forms/cleave/addons/cleave-phone.ga.js,DOC,lido,inventário V3
gestorssh/app-assets/vendors/js/forms/cleave/addons/cleave-phone.sy.js,DOC,lido,inventário V3
gestorssh/app-assets/vendors/js/forms/cleave/addons/cleave-phone.ss.js,DOC,lido,inventário V3
gestorssh/app-assets/vendors/js/forms/cleave/addons/cleave-phone.ar.js,DOC,lido,inventário V3
gestorssh/app-assets/vendors/js/forms/cleave/addons/cleave-phone.km.js,DOC,lido,inventário V3
gestorssh/app-assets/vendors/js/forms/cleave/addons/cleave-phone.pf.js,DOC,lido,inventário V3
gestorssh/app-assets/vendors/js/forms/cleave/addons/cleave-phone.tw.js,DOC,lido,inventário V3
gestorssh/app-assets/vendors/js/forms/cleave/addons/cleave-phone.ws.js,DOC,lido,inventário V3
gestorssh/app-assets/vendors/js/forms/cleave/addons/cleave-phone.fm.js,DOC,lido,inventário V3
gestorssh/app-assets/vendors/js/forms/cleave/addons/cleave-phone.ps.js,DOC,lido,inventário V3
gestorssh/app-assets/vendors/js/forms/cleave/addons/cleave-phone.bo.js,DOC,lido,inventário V3
gestorssh/app-assets/vendors/js/forms/cleave/addons/cleave-phone.ee.js,DOC,lido,inventário V3
gestorssh/app-assets/vendors/js/forms/cleave/addons/cleave-phone.co.js,DOC,lido,inventário V3
gestorssh/app-assets/vendors/js/forms/cleave/addons/cleave-phone.mr.js,DOC,lido,inventário V3
gestorssh/app-assets/vendors/js/forms/cleave/addons/cleave-phone.gh.js,DOC,lido,inventário V3
gestorssh/app-assets/vendors/js/forms/cleave/addons/cleave-phone.sz.js,DOC,lido,inventário V3
gestorssh/app-assets/vendors/js/forms/cleave/addons/cleave-phone.nl.js,DOC,lido,inventário V3
gestorssh/app-assets/vendors/js/forms/cleave/addons/cleave-phone.cz.js,DOC,lido,inventário V3
gestorssh/app-assets/vendors/js/forms/cleave/addons/cleave-phone.ye.js,DOC,lido,inventário V3
gestorssh/app-assets/vendors/js/forms/cleave/addons/cleave-phone.si.js,DOC,lido,inventário V3
gestorssh/app-assets/vendors/js/forms/cleave/addons/cleave-phone.kw.js,DOC,lido,inventário V3
gestorssh/app-assets/vendors/js/forms/cleave/addons/cleave-phone.ua.js,DOC,lido,inventário V3
gestorssh/app-assets/vendors/js/forms/cleave/addons/cleave-phone.tk.js,DOC,lido,inventário V3
gestorssh/app-assets/vendors/js/forms/cleave/addons/cleave-phone.gr.js,DOC,lido,inventário V3
gestorssh/app-assets/vendors/js/forms/cleave/addons/cleave-phone.gp.js,DOC,lido,inventário V3
gestorssh/app-assets/vendors/js/forms/cleave/addons/cleave-phone.mw.js,DOC,lido,inventário V3
gestorssh/app-assets/vendors/js/forms/cleave/addons/cleave-phone.gu.js,DOC,lido,inventário V3
gestorssh/app-assets/vendors/js/forms/cleave/addons/cleave-phone.ta.js,DOC,lido,inventário V3
gestorssh/app-assets/vendors/js/forms/cleave/addons/cleave-phone.kn.js,DOC,lido,inventário V3
gestorssh/app-assets/vendors/js/forms/cleave/addons/cleave-phone.ax.js,DOC,lido,inventário V3
gestorssh/app-assets/vendors/js/forms/cleave/addons/cleave-phone.mz.js,DOC,lido,inventário V3
gestorssh/app-assets/vendors/js/forms/cleave/addons/cleave-phone.hu.js,DOC,lido,inventário V3
gestorssh/app-assets/vendors/js/forms/cleave/addons/cleave-phone.eg.js,DOC,lido,inventário V3
gestorssh/app-assets/vendors/js/forms/cleave/addons/cleave-phone.vi.js,DOC,lido,inventário V3
gestorssh/app-assets/vendors/js/forms/cleave/addons/cleave-phone.dj.js,DOC,lido,inventário V3
gestorssh/app-assets/vendors/js/forms/cleave/addons/cleave-phone.kr.js,DOC,lido,inventário V3
gestorssh/app-assets/vendors/js/forms/cleave/addons/cleave-phone.hn.js,DOC,lido,inventário V3
gestorssh/app-assets/vendors/js/forms/cleave/addons/cleave-phone.cg.js,DOC,lido,inventário V3
gestorssh/app-assets/vendors/js/forms/cleave/addons/cleave-phone.mu.js,DOC,lido,inventário V3
gestorssh/app-assets/vendors/js/forms/cleave/addons/cleave-phone.gb.js,DOC,lido,inventário V3
gestorssh/app-assets/vendors/js/forms/cleave/addons/cleave-phone.bt.js,DOC,lido,inventário V3
gestorssh/app-assets/vendors/js/forms/cleave/addons/cleave-phone.mn.js,DOC,lido,inventário V3
gestorssh/app-assets/vendors/js/forms/cleave/addons/cleave-phone.af.js,DOC,lido,inventário V3
gestorssh/app-assets/vendors/js/forms/cleave/addons/cleave-phone.ve.js,DOC,lido,inventário V3
gestorssh/app-assets/vendors/js/forms/cleave/addons/cleave-phone.ci.js,DOC,lido,inventário V3
gestorssh/app-assets/vendors/js/forms/cleave/addons/cleave-phone.jp.js,DOC,lido,inventário V3
gestorssh/app-assets/vendors/js/forms/cleave/addons/cleave-phone.fj.js,DOC,lido,inventário V3
gestorssh/app-assets/vendors/js/forms/cleave/addons/cleave-phone.al.js,DOC,lido,inventário V3
gestorssh/app-assets/vendors/js/forms/cleave/addons/cleave-phone.md.js,DOC,lido,inventário V3
gestorssh/app-assets/vendors/js/forms/cleave/addons/cleave-phone.gg.js,DOC,lido,inventário V3
gestorssh/app-assets/vendors/js/forms/cleave/addons/cleave-phone.is.js,DOC,lido,inventário V3
gestorssh/app-assets/vendors/js/forms/cleave/addons/cleave-phone.no.js,DOC,lido,inventário V3
gestorssh/app-assets/vendors/js/forms/cleave/addons/cleave-phone.dm.js,DOC,lido,inventário V3
gestorssh/app-assets/vendors/js/forms/cleave/addons/cleave-phone.tm.js,DOC,lido,inventário V3
gestorssh/app-assets/vendors/js/forms/cleave/addons/cleave-phone.vu.js,DOC,lido,inventário V3
gestorssh/app-assets/vendors/js/forms/cleave/addons/cleave-phone.hk.js,DOC,lido,inventário V3
gestorssh/app-assets/vendors/js/forms/cleave/addons/cleave-phone.de.js,DOC,lido,inventário V3
gestorssh/app-assets/vendors/js/forms/cleave/addons/cleave-phone.bs.js,DOC,lido,inventário V3
gestorssh/app-assets/vendors/js/forms/cleave/addons/cleave-phone.nu.js,DOC,lido,inventário V3
gestorssh/app-assets/vendors/js/forms/cleave/addons/cleave-phone.pa.js,DOC,lido,inventário V3
gestorssh/app-assets/vendors/js/forms/cleave/addons/cleave-phone.gw.js,DOC,lido,inventário V3
gestorssh/app-assets/vendors/js/forms/cleave/addons/cleave-phone.np.js,DOC,lido,inventário V3
gestorssh/app-assets/vendors/js/forms/cleave/addons/cleave-phone.bd.js,DOC,lido,inventário V3
gestorssh/app-assets/vendors/js/forms/cleave/addons/cleave-phone.zw.js,DOC,lido,inventário V3
gestorssh/app-assets/vendors/js/forms/cleave/addons/cleave-phone.mc.js,DOC,lido,inventário V3
gestorssh/app-assets/vendors/js/forms/cleave/addons/cleave-phone.dk.js,DOC,lido,inventário V3
gestorssh/app-assets/vendors/js/forms/cleave/addons/cleave-phone.bz.js,DOC,lido,inventário V3
gestorssh/app-assets/vendors/js/forms/cleave/addons/cleave-phone.lc.js,DOC,lido,inventário V3
gestorssh/app-assets/vendors/js/forms/cleave/addons/cleave-phone.fi.js,DOC,lido,inventário V3
gestorssh/app-assets/vendors/js/forms/cleave/addons/cleave-phone.to.js,DOC,lido,inventário V3
gestorssh/app-assets/vendors/js/forms/cleave/addons/cleave-phone.pg.js,DOC,lido,inventário V3
gestorssh/app-assets/vendors/js/forms/cleave/addons/cleave-phone.nz.js,DOC,lido,inventário V3
gestorssh/app-assets/vendors/js/forms/cleave/addons/cleave-phone.bm.js,DOC,lido,inventário V3
gestorssh/app-assets/vendors/js/forms/cleave/addons/cleave-phone.xk.js,DOC,lido,inventário V3
gestorssh/app-assets/vendors/js/forms/cleave/addons/cleave-phone.tj.js,DOC,lido,inventário V3
gestorssh/app-assets/vendors/js/forms/cleave/addons/cleave-phone.sb.js,DOC,lido,inventário V3
gestorssh/app-assets/vendors/js/forms/cleave/addons/cleave-phone.ge.js,DOC,lido,inventário V3
gestorssh/app-assets/vendors/js/forms/cleave/addons/cleave-phone.me.js,DOC,lido,inventário V3
gestorssh/app-assets/vendors/js/forms/cleave/addons/cleave-phone.pl.js,DOC,lido,inventário V3
gestorssh/app-assets/vendors/js/forms/cleave/addons/cleave-phone.sh.js,DOC,lido,inventário V3
gestorssh/app-assets/vendors/js/forms/cleave/addons/cleave-phone.zm.js,DOC,lido,inventário V3
gestorssh/app-assets/vendors/js/forms/cleave/addons/cleave-phone.am.js,DOC,lido,inventário V3
gestorssh/app-assets/vendors/js/forms/cleave/addons/cleave-phone.sd.js,DOC,lido,inventário V3
gestorssh/app-assets/vendors/js/forms/cleave/addons/cleave-phone.kz.js,DOC,lido,inventário V3
gestorssh/app-assets/vendors/js/forms/cleave/addons/cleave-phone.bb.js,DOC,lido,inventário V3
gestorssh/app-assets/vendors/js/forms/cleave/addons/cleave-phone.mt.js,DOC,lido,inventário V3
gestorssh/app-assets/vendors/js/forms/cleave/addons/cleave-phone.fk.js,DOC,lido,inventário V3
gestorssh/app-assets/vendors/js/forms/cleave/addons/cleave-phone.kh.js,DOC,lido,inventário V3
gestorssh/app-assets/vendors/js/forms/cleave/addons/cleave-phone.tg.js,DOC,lido,inventário V3
gestorssh/app-assets/vendors/js/forms/cleave/addons/cleave-phone.fo.js,DOC,lido,inventário V3
gestorssh/app-assets/vendors/js/forms/cleave/addons/cleave-phone.mx.js,DOC,lido,inventário V3
gestorssh/app-assets/vendors/js/forms/cleave/addons/cleave-phone.gd.js,DOC,lido,inventário V3
gestorssh/app-assets/vendors/js/forms/cleave/addons/cleave-phone.ke.js,DOC,lido,inventário V3
gestorssh/app-assets/vendors/js/forms/cleave/addons/cleave-phone.cn.js,DOC,lido,inventário V3
gestorssh/app-assets/vendors/js/forms/extended/typeahead/typeahead.bundle.min.js,DOC,lido,inventário V3
gestorssh/app-assets/vendors/js/forms/extended/typeahead/handlebars.js,DOC,lido,inventário V3
gestorssh/app-assets/vendors/js/forms/extended/typeahead/bloodhound.min.js,DOC,lido,inventário V3
gestorssh/app-assets/vendors/js/editors/quill/highlight.min.js,DOC,lido,inventário V3
gestorssh/app-assets/vendors/js/editors/quill/katex.min.js,DOC,lido,inventário V3
gestorssh/app-assets/vendors/js/editors/quill/quill.min.js,DOC,lido,inventário V3
gestorssh/app-assets/vendors/js/editors/quill/quill.js,DOC,lido,inventário V3
gestorssh/app-assets/vendors/js/editors/quill/ui/tooltip.js,DOC,lido,inventário V3
gestorssh/app-assets/vendors/js/editors/quill/ui/icons.js,DOC,lido,inventário V3
gestorssh/app-assets/vendors/js/editors/quill/ui/color-picker.js,DOC,lido,inventário V3
gestorssh/app-assets/vendors/js/editors/quill/ui/picker.js,DOC,lido,inventário V3
gestorssh/app-assets/vendors/js/editors/quill/ui/icon-picker.js,DOC,lido,inventário V3
gestorssh/app-assets/vendors/js/editors/quill/themes/bubble.js,DOC,lido,inventário V3
gestorssh/app-assets/vendors/js/editors/quill/themes/snow.js,DOC,lido,inventário V3
gestorssh/app-assets/vendors/js/editors/quill/themes/base.js,DOC,lido,inventário V3
gestorssh/app-assets/vendors/js/editors/quill/assets/favicon.png,DOC,lido,inventário V3
gestorssh/app-assets/vendors/js/editors/quill/assets/bubble.styl,DOC,lido,inventário V3
gestorssh/app-assets/vendors/js/editors/quill/assets/snow.styl,DOC,lido,inventário V3
gestorssh/app-assets/vendors/js/editors/quill/assets/core.styl,DOC,lido,inventário V3
gestorssh/app-assets/vendors/js/editors/quill/assets/base.styl,DOC,lido,inventário V3
gestorssh/app-assets/vendors/js/editors/quill/assets/snow/toolbar.styl,DOC,lido,inventário V3
gestorssh/app-assets/vendors/js/editors/quill/assets/snow/tooltip.styl,DOC,lido,inventário V3
gestorssh/app-assets/vendors/js/editors/quill/assets/bubble/toolbar.styl,DOC,lido,inventário V3
gestorssh/app-assets/vendors/js/editors/quill/assets/bubble/tooltip.styl,DOC,lido,inventário V3
gestorssh/app-assets/vendors/js/editors/quill/assets/icons/table-border-bottom.svg,DOC,lido,inventário V3
gestorssh/app-assets/vendors/js/editors/quill/assets/icons/undo.svg,DOC,lido,inventário V3
gestorssh/app-assets/vendors/js/editors/quill/assets/icons/float-right.svg,DOC,lido,inventário V3
gestorssh/app-assets/vendors/js/editors/quill/assets/icons/table-border-all.svg,DOC,lido,inventário V3
gestorssh/app-assets/vendors/js/editors/quill/assets/icons/float-full.svg,DOC,lido,inventário V3
gestorssh/app-assets/vendors/js/editors/quill/assets/icons/align-left.svg,DOC,lido,inventário V3
gestorssh/app-assets/vendors/js/editors/quill/assets/icons/redo.svg,DOC,lido,inventário V3
gestorssh/app-assets/vendors/js/editors/quill/assets/icons/strike.svg,DOC,lido,inventário V3
gestorssh/app-assets/vendors/js/editors/quill/assets/icons/table-delete-cells.svg,DOC,lido,inventário V3
gestorssh/app-assets/vendors/js/editors/quill/assets/icons/outdent.svg,DOC,lido,inventário V3
gestorssh/app-assets/vendors/js/editors/quill/assets/icons/table-border-left.svg,DOC,lido,inventário V3
gestorssh/app-assets/vendors/js/editors/quill/assets/icons/attachment.svg,DOC,lido,inventário V3
gestorssh/app-assets/vendors/js/editors/quill/assets/icons/background.svg,DOC,lido,inventário V3
gestorssh/app-assets/vendors/js/editors/quill/assets/icons/map.svg,DOC,lido,inventário V3
gestorssh/app-assets/vendors/js/editors/quill/assets/icons/link.svg,DOC,lido,inventário V3
gestorssh/app-assets/vendors/js/editors/quill/assets/icons/direction-rtl.svg,DOC,lido,inventário V3
gestorssh/app-assets/vendors/js/editors/quill/assets/icons/speech.svg,DOC,lido,inventário V3
gestorssh/app-assets/vendors/js/editors/quill/assets/icons/audio.svg,DOC,lido,inventário V3
gestorssh/app-assets/vendors/js/editors/quill/assets/icons/color.svg,DOC,lido,inventário V3
gestorssh/app-assets/vendors/js/editors/quill/assets/icons/table-insert-rows.svg,DOC,lido,inventário V3
gestorssh/app-assets/vendors/js/editors/quill/assets/icons/code.svg,DOC,lido,inventário V3
gestorssh/app-assets/vendors/js/editors/quill/assets/icons/bold.svg,DOC,lido,inventário V3
gestorssh/app-assets/vendors/js/editors/quill/assets/icons/table-border-none.svg,DOC,lido,inventário V3
gestorssh/app-assets/vendors/js/editors/quill/assets/icons/size.svg,DOC,lido,inventário V3
gestorssh/app-assets/vendors/js/editors/quill/assets/icons/table-insert-cells.svg,DOC,lido,inventário V3
gestorssh/app-assets/vendors/js/editors/quill/assets/icons/blockquote.svg,DOC,lido,inventário V3
gestorssh/app-assets/vendors/js/editors/quill/assets/icons/emoji.svg,DOC,lido,inventário V3
gestorssh/app-assets/vendors/js/editors/quill/assets/icons/align-justify.svg,DOC,lido,inventário V3
gestorssh/app-assets/vendors/js/editors/quill/assets/icons/table-merge-cells.svg,DOC,lido,inventário V3
gestorssh/app-assets/vendors/js/editors/quill/assets/icons/italic.svg,DOC,lido,inventário V3
gestorssh/app-assets/vendors/js/editors/quill/assets/icons/header.svg,DOC,lido,inventário V3
gestorssh/app-assets/vendors/js/editors/quill/assets/icons/align-right.svg,DOC,lido,inventário V3
gestorssh/app-assets/vendors/js/editors/quill/assets/icons/mention.svg,DOC,lido,inventário V3
gestorssh/app-assets/vendors/js/editors/quill/assets/icons/subscript.svg,DOC,lido,inventário V3
gestorssh/app-assets/vendors/js/editors/quill/assets/icons/image.svg,DOC,lido,inventário V3
gestorssh/app-assets/vendors/js/editors/quill/assets/icons/list-ordered.svg,DOC,lido,inventário V3
gestorssh/app-assets/vendors/js/editors/quill/assets/icons/formula.svg,DOC,lido,inventário V3
gestorssh/app-assets/vendors/js/editors/quill/assets/icons/underline.svg,DOC,lido,inventário V3
gestorssh/app-assets/vendors/js/editors/quill/assets/icons/list-check.svg,DOC,lido,inventário V3
gestorssh/app-assets/vendors/js/editors/quill/assets/icons/comment.svg,DOC,lido,inventário V3
gestorssh/app-assets/vendors/js/editors/quill/assets/icons/header-2.svg,DOC,lido,inventário V3
gestorssh/app-assets/vendors/js/editors/quill/assets/icons/table.svg,DOC,lido,inventário V3
gestorssh/app-assets/vendors/js/editors/quill/assets/icons/table-border-top.svg,DOC,lido,inventário V3
gestorssh/app-assets/vendors/js/editors/quill/assets/icons/table-border-right.svg,DOC,lido,inventário V3
gestorssh/app-assets/vendors/js/editors/quill/assets/icons/table-unmerge-cells.svg,DOC,lido,inventário V3
gestorssh/app-assets/vendors/js/editors/quill/assets/icons/superscript.svg,DOC,lido,inventário V3
gestorssh/app-assets/vendors/js/editors/quill/assets/icons/table-border-outside.svg,DOC,lido,inventário V3
gestorssh/app-assets/vendors/js/editors/quill/assets/icons/list-bullet.svg,DOC,lido,inventário V3
gestorssh/app-assets/vendors/js/editors/quill/assets/icons/direction-ltr.svg,DOC,lido,inventário V3
gestorssh/app-assets/vendors/js/editors/quill/assets/icons/font.svg,DOC,lido,inventário V3
gestorssh/app-assets/vendors/js/editors/quill/assets/icons/float-center.svg,DOC,lido,inventário V3
gestorssh/app-assets/vendors/js/editors/quill/assets/icons/size-decrease.svg,DOC,lido,inventário V3
gestorssh/app-assets/vendors/js/editors/quill/assets/icons/clean.svg,DOC,lido,inventário V3
gestorssh/app-assets/vendors/js/editors/quill/assets/icons/table-delete-columns.svg,DOC,lido,inventário V3
gestorssh/app-assets/vendors/js/editors/quill/assets/icons/hashtag.svg,DOC,lido,inventário V3
gestorssh/app-assets/vendors/js/editors/quill/assets/icons/dropdown.svg,DOC,lido,inventário V3
gestorssh/app-assets/vendors/js/editors/quill/assets/icons/size-increase.svg,DOC,lido,inventário V3
gestorssh/app-assets/vendors/js/editors/quill/assets/icons/align-center.svg,DOC,lido,inventário V3
gestorssh/app-assets/vendors/js/editors/quill/assets/icons/indent.svg,DOC,lido,inventário V3
gestorssh/app-assets/vendors/js/editors/quill/assets/icons/float-left.svg,DOC,lido,inventário V3
gestorssh/app-assets/vendors/js/editors/quill/assets/icons/table-delete-rows.svg,DOC,lido,inventário V3
gestorssh/app-assets/vendors/js/editors/quill/assets/icons/video.svg,DOC,lido,inventário V3
gestorssh/app-assets/vendors/js/editors/quill/assets/icons/authorship.svg,DOC,lido,inventário V3
gestorssh/app-assets/vendors/js/editors/quill/assets/icons/spacing.svg,DOC,lido,inventário V3
gestorssh/app-assets/vendors/js/editors/quill/assets/icons/table-insert-columns.svg,DOC,lido,inventário V3
gestorssh/app-assets/vendors/js/pickers/pickadate/legacy.js,DOC,lido,inventário V3
gestorssh/app-assets/vendors/js/pickers/pickadate/picker.date.js,DOC,lido,inventário V3
gestorssh/app-assets/vendors/js/pickers/pickadate/picker.js,DOC,lido,inventário V3
gestorssh/app-assets/vendors/js/pickers/pickadate/picker.time.js,DOC,lido,inventário V3
gestorssh/app-assets/vendors/js/pickers/flatpickr/flatpickr.min.js,DOC,lido,inventário V3
gestorssh/app-assets/vendors/js/tables/datatable/buttons.bootstrap5.min.js,DOC,lido,inventário V3
gestorssh/app-assets/vendors/js/tables/datatable/dataTables.responsive.js,DOC,lido,inventário V3
gestorssh/app-assets/vendors/js/tables/datatable/vfs_fonts.js,DOC,lido,inventário V3
gestorssh/app-assets/vendors/js/tables/datatable/rowGroup.bootstrap5.min.js,DOC,lido,inventário V3
gestorssh/app-assets/vendors/js/tables/datatable/dataTables.select.min.js,DOC,lido,inventário V3
gestorssh/app-assets/vendors/js/tables/datatable/dataTables.rowGroup.min.js,DOC,lido,inventário V3
gestorssh/app-assets/vendors/js/tables/datatable/dataTables.responsive.min.js,DOC,lido,inventário V3
gestorssh/app-assets/vendors/js/tables/datatable/buttons.html5.min.js,DOC,lido,inventário V3
gestorssh/app-assets/vendors/js/tables/datatable/responsive.bootstrap5.min.js,DOC,lido,inventário V3
gestorssh/app-assets/vendors/js/tables/datatable/jszip.min.js,DOC,lido,inventário V3
gestorssh/app-assets/vendors/js/tables/datatable/responsive.bootstrap5.js,DOC,lido,inventário V3
gestorssh/app-assets/vendors/js/tables/datatable/pdfmake.min.js,DOC,lido,inventário V3
gestorssh/app-assets/vendors/js/tables/datatable/buttons.print.min.js,DOC,lido,inventário V3
gestorssh/app-assets/vendors/js/tables/datatable/jquery.dataTables.min.js,DOC,lido,inventário V3
gestorssh/app-assets/vendors/js/tables/datatable/datatables.checkboxes.min.js,DOC,lido,inventário V3
gestorssh/app-assets/vendors/js/tables/datatable/datatables.buttons.min.js,DOC,lido,inventário V3
gestorssh/app-assets/vendors/js/tables/datatable/dataTables.bootstrap5.min.js,DOC,lido,inventário V3
gestorssh/app-assets/data/locales/pt.json,DOC,lido,inventário V3
gestorssh/app-assets/data/locales/en.json,DOC,lido,inventário V3
gestorssh/app-assets/data/locales/fr.json,DOC,lido,inventário V3
gestorssh/app-assets/data/locales/de.json,DOC,lido,inventário V3
gestorssh/app-assets/data/fullcalendar/php/utils.php,SEG,lido,inventário V3
gestorssh/app-assets/data/fullcalendar/php/get-timezones.php,SEG,lido,inventário V3
gestorssh/app-assets/data/fullcalendar/php/get-events.php,SEG,lido,inventário V3
gestorssh/app-assets/data/fullcalendar/json/events.json,DOC,lido,inventário V3
gestorssh/app-assets/css/themes/background.css,DOC,lido,inventário V3
gestorssh/app-assets/css/themes/dark-layout.min.css,DOC,lido,inventário V3
gestorssh/app-assets/css/themes/background-store.css,DOC,lido,inventário V3
gestorssh/app-assets/css/themes/fundo.css,DOC,lido,inventário V3
gestorssh/app-assets/css/themes/wrap.css,DOC,lido,inventário V3
gestorssh/app-assets/css/themes/semi-dark-layout.min.css,DOC,lido,inventário V3
gestorssh/app-assets/css/themes/background-admin.css,DOC,lido,inventário V3
gestorssh/app-assets/css/themes/semi-dark-layout.css,DOC,lido,inventário V3
gestorssh/app-assets/css/themes/dark-layout.css,DOC,lido,inventário V3
gestorssh/app-assets/css/themes/bordered-layout.min.css,DOC,lido,inventário V3
gestorssh/app-assets/css/themes/bordered-layout.css,DOC,lido,inventário V3
gestorssh/app-assets/css/pages/page-pricing.css,DOC,lido,inventário V3
gestorssh/app-assets/css/pages/ui-feather.css,DOC,lido,inventário V3
gestorssh/app-assets/css/pages/page-misc.min.css,DOC,lido,inventário V3
gestorssh/app-assets/css/pages/modal-create-app.css,DOC,lido,inventário V3
gestorssh/app-assets/css/pages/app-chat.css,DOC,lido,inventário V3
gestorssh/app-assets/css/pages/app-file-manager.min.css,DOC,lido,inventário V3
gestorssh/app-assets/css/pages/page-blog.min.css,DOC,lido,inventário V3
gestorssh/app-assets/css/pages/page-coming-soon.css,DOC,lido,inventário V3
gestorssh/app-assets/css/pages/app-ecommerce.min.css,DOC,lido,inventário V3
gestorssh/app-assets/css/pages/app-chat.min.css,DOC,lido,inventário V3
gestorssh/app-assets/css/pages/page-profile.css,DOC,lido,inventário V3
gestorssh/app-assets/css/pages/page-coming-soon.min.css,DOC,lido,inventário V3
gestorssh/app-assets/css/pages/page-knowledge-base.css,DOC,lido,inventário V3
gestorssh/app-assets/css/pages/app-invoice.css,DOC,lido,inventário V3
gestorssh/app-assets/css/pages/authentication.css,DOC,lido,inventário V3
gestorssh/app-assets/css/pages/page-faq.min.css,DOC,lido,inventário V3
gestorssh/app-assets/css/pages/app-todo.css,DOC,lido,inventário V3
gestorssh/app-assets/css/pages/app-invoice-print.min.css,DOC,lido,inventário V3
gestorssh/app-assets/css/pages/app-invoice-print.css,DOC,lido,inventário V3
gestorssh/app-assets/css/pages/page-profile.min.css,DOC,lido,inventário V3
gestorssh/app-assets/css/pages/dashboard-ecommerce.min.css,DOC,lido,inventário V3
gestorssh/app-assets/css/pages/page-blog.css,DOC,lido,inventário V3
gestorssh/app-assets/css/pages/app-chat-list.css,DOC,lido,inventário V3
gestorssh/app-assets/css/pages/app-invoice-list.min.css,DOC,lido,inventário V3
gestorssh/app-assets/css/pages/app-file-manager.css,DOC,lido,inventário V3
gestorssh/app-assets/css/pages/ui-feather.min.css,DOC,lido,inventário V3
gestorssh/app-assets/css/pages/authentication.min.css,DOC,lido,inventário V3
gestorssh/app-assets/css/pages/dashboard-ecommerce.css,DOC,lido,inventário V3
gestorssh/app-assets/css/pages/app-invoice.min.css,DOC,lido,inventário V3
gestorssh/app-assets/css/pages/page-pricing.min.css,DOC,lido,inventário V3
gestorssh/app-assets/css/pages/app-ecommerce-details.min.css,DOC,lido,inventário V3
gestorssh/app-assets/css/pages/app-email.css,DOC,lido,inventário V3
gestorssh/app-assets/css/pages/app-ecommerce.css,DOC,lido,inventário V3
gestorssh/app-assets/css/pages/app-invoice-list.css,DOC,lido,inventário V3
gestorssh/app-assets/css/pages/app-ecommerce-details.css,DOC,lido,inventário V3
gestorssh/app-assets/css/pages/page-misc.css,DOC,lido,inventário V3
gestorssh/app-assets/css/pages/page-knowledge-base.min.css,DOC,lido,inventário V3
gestorssh/app-assets/css/pages/app-todo.min.css,DOC,lido,inventário V3
gestorssh/app-assets/css/pages/app-kanban.min.css,DOC,lido,inventário V3
gestorssh/app-assets/css/pages/app-chat-list.min.css,DOC,lido,inventário V3
gestorssh/app-assets/css/pages/app-kanban.css,DOC,lido,inventário V3
gestorssh/app-assets/css/pages/page-faq.css,DOC,lido,inventário V3
gestorssh/app-assets/css/pages/app-email.min.css,DOC,lido,inventário V3
gestorssh/app-assets/css/pages/app-calendar.min.css,DOC,lido,inventário V3
gestorssh/app-assets/css/pages/modal-create-app.min.css,DOC,lido,inventário V3
gestorssh/app-assets/css/pages/app-calendar.css,DOC,lido,inventário V3
gestorssh/app-assets/css/core/mixins/hex2rgb.min.css,DOC,lido,inventário V3
gestorssh/app-assets/css/core/mixins/main-menu-mixin.min.css,DOC,lido,inventário V3
gestorssh/app-assets/css/core/mixins/hex2rgb.css,DOC,lido,inventário V3
gestorssh/app-assets/css/core/mixins/alert.css,DOC,lido,inventário V3
gestorssh/app-assets/css/core/mixins/alert.min.css,DOC,lido,inventário V3
gestorssh/app-assets/css/core/mixins/transitions.min.css,DOC,lido,inventário V3
gestorssh/app-assets/css/core/mixins/main-menu-mixin.css,DOC,lido,inventário V3
gestorssh/app-assets/css/core/mixins/transitions.css,DOC,lido,inventário V3
gestorssh/app-assets/css/core/colors/palette-gradient.css,DOC,lido,inventário V3
gestorssh/app-assets/css/core/colors/palette-variables.css,DOC,lido,inventário V3
gestorssh/app-assets/css/core/colors/palette-noui.css,DOC,lido,inventário V3
gestorssh/app-assets/css/core/colors/palette-gradient.min.css,DOC,lido,inventário V3
gestorssh/app-assets/css/core/colors/palette-variables.min.css,DOC,lido,inventário V3
gestorssh/app-assets/css/core/colors/palette-noui.min.css,DOC,lido,inventário V3
gestorssh/app-assets/css/core/menu/menu-types/vertical-menu.css,DOC,lido,inventário V3
gestorssh/app-assets/css/core/menu/menu-types/vertical-overlay-menu.min.css,DOC,lido,inventário V3
gestorssh/app-assets/css/core/menu/menu-types/horizontal-menu.min.css,DOC,lido,inventário V3
gestorssh/app-assets/css/core/menu/menu-types/vertical-menu.min.css,DOC,lido,inventário V3
gestorssh/app-assets/css/core/menu/menu-types/horizontal-menu.css,DOC,lido,inventário V3
gestorssh/app-assets/css/core/menu/menu-types/vertical-overlay-menu.css,DOC,lido,inventário V3
gestorssh/app-assets/css/plugins/extensions/ext-component-sliders.css,DOC,lido,inventário V3
gestorssh/app-assets/css/plugins/extensions/ext-component-tree.min.css,DOC,lido,inventário V3
gestorssh/app-assets/css/plugins/extensions/ext-component-sweet-alerts.min.css,DOC,lido,inventário V3
gestorssh/app-assets/css/plugins/extensions/ext-component-ratings.min.css,DOC,lido,inventário V3
gestorssh/app-assets/css/plugins/extensions/ext-component-toastr.css,DOC,lido,inventário V3
gestorssh/app-assets/css/plugins/extensions/ext-component-tour.css,DOC,lido,inventário V3
gestorssh/app-assets/css/plugins/extensions/ext-component-tree.css,DOC,lido,inventário V3
gestorssh/app-assets/css/plugins/extensions/ext-component-swiper.css,DOC,lido,inventário V3
gestorssh/app-assets/css/plugins/extensions/ext-component-drag-drop.css,DOC,lido,inventário V3
gestorssh/app-assets/css/plugins/extensions/ext-component-toastr.min.css,DOC,lido,inventário V3
gestorssh/app-assets/css/plugins/extensions/ext-component-sliders.min.css,DOC,lido,inventário V3
gestorssh/app-assets/css/plugins/extensions/ext-component-media-player.min.css,DOC,lido,inventário V3
gestorssh/app-assets/css/plugins/extensions/ext-component-ratings.css,DOC,lido,inventário V3
gestorssh/app-assets/css/plugins/extensions/ext-component-drag-drop.min.css,DOC,lido,inventário V3
gestorssh/app-assets/css/plugins/extensions/ext-component-sweet-alerts.css,DOC,lido,inventário V3
gestorssh/app-assets/css/plugins/extensions/ext-component-media-player.css,DOC,lido,inventário V3
gestorssh/app-assets/css/plugins/extensions/ext-component-context-menu.css,DOC,lido,inventário V3
gestorssh/app-assets/css/plugins/extensions/ext-component-context-menu.min.css,DOC,lido,inventário V3
gestorssh/app-assets/css/plugins/extensions/ext-component-tour.min.css,DOC,lido,inventário V3
gestorssh/app-assets/css/plugins/extensions/ext-component-swiper.min.css,DOC,lido,inventário V3
gestorssh/app-assets/css/plugins/maps/map-leaflet.min.css,DOC,lido,inventário V3
gestorssh/app-assets/css/plugins/maps/map-leaflet.css,DOC,lido,inventário V3
gestorssh/app-assets/css/plugins/ui/coming-soon.min.css,DOC,lido,inventário V3
gestorssh/app-assets/css/plugins/ui/coming-soon.css,DOC,lido,inventário V3
gestorssh/app-assets/css/plugins/charts/chart-apex.css,DOC,lido,inventário V3
gestorssh/app-assets/css/plugins/charts/chart-apex.min.css,DOC,lido,inventário V3
gestorssh/app-assets/css/plugins/forms/form-quill-editor.min.css,DOC,lido,inventário V3
gestorssh/app-assets/css/plugins/forms/form-file-uploader.min.css,DOC,lido,inventário V3
gestorssh/app-assets/css/plugins/forms/form-number-input.css,DOC,lido,inventário V3
gestorssh/app-assets/css/plugins/forms/form-wizard.css,DOC,lido,inventário V3
gestorssh/app-assets/css/plugins/forms/form-quill-editor.css,DOC,lido,inventário V3
gestorssh/app-assets/css/plugins/forms/form-file-uploader.css,DOC,lido,inventário V3
gestorssh/app-assets/css/plugins/forms/form-number-input.min.css,DOC,lido,inventário V3
gestorssh/app-assets/css/plugins/forms/form-wizard.min.css,DOC,lido,inventário V3
gestorssh/app-assets/css/plugins/forms/form-validation.css,DOC,lido,inventário V3
gestorssh/app-assets/css/plugins/forms/form-validation.min.css,DOC,lido,inventário V3
gestorssh/app-assets/css/plugins/forms/pickers/form-flat-pickr.css,DOC,lido,inventário V3
gestorssh/app-assets/css/plugins/forms/pickers/form-pickadate.min.css,DOC,lido,inventário V3
gestorssh/app-assets/css/plugins/forms/pickers/form-flat-pickr.min.css,DOC,lido,inventário V3
gestorssh/app-assets/css/plugins/forms/pickers/form-pickadate.css,DOC,lido,inventário V3
gestorssh/app-assets/fonts/flag-icon-css/LICENSE,DOC,lido,inventário V3
gestorssh/app-assets/fonts/flag-icon-css/README.md,DOC,lido,inventário V3
gestorssh/app-assets/fonts/feather/iconfont.css,DOC,lido,inventário V3
gestorssh/app-assets/fonts/font-awesome/webfonts/fa-regular-400.ttf,DOC,lido,inventário V3
gestorssh/app-assets/fonts/font-awesome/webfonts/fa-solid-900.ttf,DOC,lido,inventário V3
gestorssh/app-assets/fonts/font-awesome/webfonts/fa-brands-400.woff,DOC,lido,inventário V3
gestorssh/app-assets/fonts/font-awesome/webfonts/fa-solid-900.woff2,DOC,lido,inventário V3
gestorssh/app-assets/fonts/font-awesome/webfonts/fa-solid-900.woff,DOC,lido,inventário V3
gestorssh/app-assets/fonts/font-awesome/webfonts/fa-regular-400.eot,DOC,lido,inventário V3
gestorssh/app-assets/fonts/font-awesome/webfonts/fa-regular-400.woff,DOC,lido,inventário V3
gestorssh/app-assets/fonts/font-awesome/webfonts/fa-brands-400.svg,DOC,lido,inventário V3
gestorssh/app-assets/fonts/font-awesome/webfonts/fa-brands-400.woff2,DOC,lido,inventário V3
gestorssh/app-assets/fonts/font-awesome/webfonts/fa-solid-900.eot,DOC,lido,inventário V3
gestorssh/app-assets/fonts/font-awesome/webfonts/fa-brands-400.ttf,DOC,lido,inventário V3
gestorssh/app-assets/fonts/font-awesome/webfonts/fa-brands-400.eot,DOC,lido,inventário V3
gestorssh/app-assets/fonts/font-awesome/webfonts/fa-regular-400.svg,DOC,lido,inventário V3
gestorssh/app-assets/fonts/font-awesome/webfonts/fa-solid-900.svg,DOC,lido,inventário V3
gestorssh/app-assets/fonts/font-awesome/webfonts/fa-regular-400.woff2,DOC,lido,inventário V3
gestorssh/app-assets/fonts/font-awesome/css/font-awesome.css,DOC,lido,inventário V3
gestorssh/app-assets/fonts/font-awesome/css/font-awesome.min.css,DOC,lido,inventário V3
gestorssh/app-assets/fonts/feather/fonts/feather.eot,DOC,lido,inventário V3
gestorssh/app-assets/fonts/feather/fonts/feather.ttf,DOC,lido,inventário V3
gestorssh/app-assets/fonts/feather/fonts/feather.svg,DOC,lido,inventário V3
gestorssh/app-assets/fonts/feather/fonts/feather.woff,DOC,lido,inventário V3
gestorssh/app-assets/fonts/flag-icon-css/sass/flag-icon-more.scss,DOC,lido,inventário V3
gestorssh/app-assets/fonts/flag-icon-css/sass/variables.scss,DOC,lido,inventário V3
gestorssh/app-assets/fonts/flag-icon-css/sass/flag-icon.scss,DOC,lido,inventário V3
gestorssh/app-assets/fonts/flag-icon-css/sass/flag-icon-list.scss,DOC,lido,inventário V3
gestorssh/app-assets/fonts/flag-icon-css/sass/flag-icon-base.scss,DOC,lido,inventário V3
gestorssh/app-assets/fonts/flag-icon-css/css/flag-icon.css,DOC,lido,inventário V3
gestorssh/app-assets/fonts/flag-icon-css/css/flag-icon.min.css,DOC,lido,inventário V3
gestorssh/app-assets/fonts/flag-icon-css/flags/4x3/au.svg,DOC,lido,inventário V3
gestorssh/app-assets/fonts/flag-icon-css/flags/4x3/ad.svg,DOC,lido,inventário V3
gestorssh/app-assets/fonts/flag-icon-css/flags/4x3/jp.svg,DOC,lido,inventário V3
gestorssh/app-assets/fonts/flag-icon-css/flags/4x3/kr.svg,DOC,lido,inventário V3
gestorssh/app-assets/fonts/flag-icon-css/flags/4x3/nr.svg,DOC,lido,inventário V3
gestorssh/app-assets/fonts/flag-icon-css/flags/4x3/tf.svg,DOC,lido,inventário V3
gestorssh/app-assets/fonts/flag-icon-css/flags/4x3/ge.svg,DOC,lido,inventário V3
gestorssh/app-assets/fonts/flag-icon-css/flags/4x3/np.svg,DOC,lido,inventário V3
gestorssh/app-assets/fonts/flag-icon-css/flags/4x3/nz.svg,DOC,lido,inventário V3
gestorssh/app-assets/fonts/flag-icon-css/flags/4x3/il.svg,DOC,lido,inventário V3
gestorssh/app-assets/fonts/flag-icon-css/flags/4x3/sh.svg,DOC,lido,inventário V3
gestorssh/app-assets/fonts/flag-icon-css/flags/4x3/rw.svg,DOC,lido,inventário V3
gestorssh/app-assets/fonts/flag-icon-css/flags/4x3/zw.svg,DOC,lido,inventário V3
gestorssh/app-assets/fonts/flag-icon-css/flags/4x3/cw.svg,DOC,lido,inventário V3
gestorssh/app-assets/fonts/flag-icon-css/flags/4x3/it.svg,DOC,lido,inventário V3
gestorssh/app-assets/fonts/flag-icon-css/flags/4x3/tk.svg,DOC,lido,inventário V3
gestorssh/app-assets/fonts/flag-icon-css/flags/4x3/ie.svg,DOC,lido,inventário V3
gestorssh/app-assets/fonts/flag-icon-css/flags/4x3/cy.svg,DOC,lido,inventário V3
gestorssh/app-assets/fonts/flag-icon-css/flags/4x3/ki.svg,DOC,lido,inventário V3
gestorssh/app-assets/fonts/flag-icon-css/flags/4x3/lu.svg,DOC,lido,inventário V3
gestorssh/app-assets/fonts/flag-icon-css/flags/4x3/lt.svg,DOC,lido,inventário V3
gestorssh/app-assets/fonts/flag-icon-css/flags/4x3/hk.svg,DOC,lido,inventário V3
gestorssh/app-assets/fonts/flag-icon-css/flags/4x3/bg.svg,DOC,lido,inventário V3
gestorssh/app-assets/fonts/flag-icon-css/flags/4x3/lr.svg,DOC,lido,inventário V3
gestorssh/app-assets/fonts/flag-icon-css/flags/4x3/mn.svg,DOC,lido,inventário V3
gestorssh/app-assets/fonts/flag-icon-css/flags/4x3/ai.svg,DOC,lido,inventário V3
gestorssh/app-assets/fonts/flag-icon-css/flags/4x3/at.svg,DOC,lido,inventário V3
gestorssh/app-assets/fonts/flag-icon-css/flags/4x3/ke.svg,DOC,lido,inventário V3
gestorssh/app-assets/fonts/flag-icon-css/flags/4x3/eg.svg,DOC,lido,inventário V3
gestorssh/app-assets/fonts/flag-icon-css/flags/4x3/fi.svg,DOC,lido,inventário V3
gestorssh/app-assets/fonts/flag-icon-css/flags/4x3/bw.svg,DOC,lido,inventário V3
gestorssh/app-assets/fonts/flag-icon-css/flags/4x3/ve.svg,DOC,lido,inventário V3
gestorssh/app-assets/fonts/flag-icon-css/flags/4x3/hr.svg,DOC,lido,inventário V3
gestorssh/app-assets/fonts/flag-icon-css/flags/4x3/ax.svg,DOC,lido,inventário V3
gestorssh/app-assets/fonts/flag-icon-css/flags/4x3/pf.svg,DOC,lido,inventário V3
gestorssh/app-assets/fonts/flag-icon-css/flags/4x3/io.svg,DOC,lido,inventário V3
gestorssh/app-assets/fonts/flag-icon-css/flags/4x3/gd.svg,DOC,lido,inventário V3
gestorssh/app-assets/fonts/flag-icon-css/flags/4x3/uz.svg,DOC,lido,inventário V3
gestorssh/app-assets/fonts/flag-icon-css/flags/4x3/nf.svg,DOC,lido,inventário V3
gestorssh/app-assets/fonts/flag-icon-css/flags/4x3/mx.svg,DOC,lido,inventário V3
gestorssh/app-assets/fonts/flag-icon-css/flags/4x3/sz.svg,DOC,lido,inventário V3
gestorssh/app-assets/fonts/flag-icon-css/flags/4x3/tj.svg,DOC,lido,inventário V3
gestorssh/app-assets/fonts/flag-icon-css/flags/4x3/nu.svg,DOC,lido,inventário V3
gestorssh/app-assets/fonts/flag-icon-css/flags/4x3/kg.svg,DOC,lido,inventário V3
gestorssh/app-assets/fonts/flag-icon-css/flags/4x3/ls.svg,DOC,lido,inventário V3
gestorssh/app-assets/fonts/flag-icon-css/flags/4x3/bl.svg,DOC,lido,inventário V3
gestorssh/app-assets/fonts/flag-icon-css/flags/4x3/ma.svg,DOC,lido,inventário V3
gestorssh/app-assets/fonts/flag-icon-css/flags/4x3/gl.svg,DOC,lido,inventário V3
gestorssh/app-assets/fonts/flag-icon-css/flags/4x3/md.svg,DOC,lido,inventário V3
gestorssh/app-assets/fonts/flag-icon-css/flags/4x3/gy.svg,DOC,lido,inventário V3
gestorssh/app-assets/fonts/flag-icon-css/flags/4x3/ga.svg,DOC,lido,inventário V3
gestorssh/app-assets/fonts/flag-icon-css/flags/4x3/lc.svg,DOC,lido,inventário V3
gestorssh/app-assets/fonts/flag-icon-css/flags/4x3/so.svg,DOC,lido,inventário V3
gestorssh/app-assets/fonts/flag-icon-css/flags/4x3/be.svg,DOC,lido,inventário V3
gestorssh/app-assets/fonts/flag-icon-css/flags/4x3/mw.svg,DOC,lido,inventário V3
gestorssh/app-assets/fonts/flag-icon-css/flags/4x3/rs.svg,DOC,lido,inventário V3
gestorssh/app-assets/fonts/flag-icon-css/flags/4x3/to.svg,DOC,lido,inventário V3
gestorssh/app-assets/fonts/flag-icon-css/flags/4x3/ar.svg,DOC,lido,inventário V3
gestorssh/app-assets/fonts/flag-icon-css/flags/4x3/cu.svg,DOC,lido,inventário V3
gestorssh/app-assets/fonts/flag-icon-css/flags/4x3/ne.svg,DOC,lido,inventário V3
gestorssh/app-assets/fonts/flag-icon-css/flags/4x3/af.svg,DOC,lido,inventário V3
gestorssh/app-assets/fonts/flag-icon-css/flags/4x3/ly.svg,DOC,lido,inventário V3
gestorssh/app-assets/fonts/flag-icon-css/flags/4x3/do.svg,DOC,lido,inventário V3
gestorssh/app-assets/fonts/flag-icon-css/flags/4x3/dk.svg,DOC,lido,inventário V3
gestorssh/app-assets/fonts/flag-icon-css/flags/4x3/sx.svg,DOC,lido,inventário V3
gestorssh/app-assets/fonts/flag-icon-css/flags/4x3/sy.svg,DOC,lido,inventário V3
gestorssh/app-assets/fonts/flag-icon-css/flags/4x3/gq.svg,DOC,lido,inventário V3
gestorssh/app-assets/fonts/flag-icon-css/flags/4x3/pe.svg,DOC,lido,inventário V3
gestorssh/app-assets/fonts/flag-icon-css/flags/4x3/my.svg,DOC,lido,inventário V3
gestorssh/app-assets/fonts/flag-icon-css/flags/4x3/gb-wls.svg,DOC,lido,inventário V3
gestorssh/app-assets/fonts/flag-icon-css/flags/4x3/pk.svg,DOC,lido,inventário V3
gestorssh/app-assets/fonts/flag-icon-css/flags/4x3/lv.svg,DOC,lido,inventário V3
gestorssh/app-assets/fonts/flag-icon-css/flags/4x3/gb.svg,DOC,lido,inventário V3
gestorssh/app-assets/fonts/flag-icon-css/flags/4x3/ms.svg,DOC,lido,inventário V3
gestorssh/app-assets/fonts/flag-icon-css/flags/4x3/th.svg,DOC,lido,inventário V3
gestorssh/app-assets/fonts/flag-icon-css/flags/4x3/sk.svg,DOC,lido,inventário V3
gestorssh/app-assets/fonts/flag-icon-css/flags/4x3/aq.svg,DOC,lido,inventário V3
gestorssh/app-assets/fonts/flag-icon-css/flags/4x3/aw.svg,DOC,lido,inventário V3
gestorssh/app-assets/fonts/flag-icon-css/flags/4x3/mv.svg,DOC,lido,inventário V3
gestorssh/app-assets/fonts/flag-icon-css/flags/4x3/mc.svg,DOC,lido,inventário V3
gestorssh/app-assets/fonts/flag-icon-css/flags/4x3/id.svg,DOC,lido,inventário V3
gestorssh/app-assets/fonts/flag-icon-css/flags/4x3/gs.svg,DOC,lido,inventário V3
gestorssh/app-assets/fonts/flag-icon-css/flags/4x3/dj.svg,DOC,lido,inventário V3
gestorssh/app-assets/fonts/flag-icon-css/flags/4x3/yt.svg,DOC,lido,inventário V3
gestorssh/app-assets/fonts/flag-icon-css/flags/4x3/cz.svg,DOC,lido,inventário V3
gestorssh/app-assets/fonts/flag-icon-css/flags/4x3/bh.svg,DOC,lido,inventário V3
gestorssh/app-assets/fonts/flag-icon-css/flags/4x3/mu.svg,DOC,lido,inventário V3
gestorssh/app-assets/fonts/flag-icon-css/flags/4x3/ss.svg,DOC,lido,inventário V3
gestorssh/app-assets/fonts/flag-icon-css/flags/4x3/fj.svg,DOC,lido,inventário V3
gestorssh/app-assets/fonts/flag-icon-css/flags/4x3/tn.svg,DOC,lido,inventário V3
gestorssh/app-assets/fonts/flag-icon-css/flags/4x3/tl.svg,DOC,lido,inventário V3
gestorssh/app-assets/fonts/flag-icon-css/flags/4x3/mp.svg,DOC,lido,inventário V3
gestorssh/app-assets/fonts/flag-icon-css/flags/4x3/eu.svg,DOC,lido,inventário V3
gestorssh/app-assets/fonts/flag-icon-css/flags/4x3/mq.svg,DOC,lido,inventário V3
gestorssh/app-assets/fonts/flag-icon-css/flags/4x3/ht.svg,DOC,lido,inventário V3
gestorssh/app-assets/fonts/flag-icon-css/flags/4x3/si.svg,DOC,lido,inventário V3
gestorssh/app-assets/fonts/flag-icon-css/flags/4x3/gt.svg,DOC,lido,inventário V3
gestorssh/app-assets/fonts/flag-icon-css/flags/4x3/gg.svg,DOC,lido,inventário V3
gestorssh/app-assets/fonts/flag-icon-css/flags/4x3/zz.svg,DOC,lido,inventário V3
gestorssh/app-assets/fonts/flag-icon-css/flags/4x3/um.svg,DOC,lido,inventário V3
gestorssh/app-assets/fonts/flag-icon-css/flags/4x3/cg.svg,DOC,lido,inventário V3
gestorssh/app-assets/fonts/flag-icon-css/flags/4x3/bv.svg,DOC,lido,inventário V3
gestorssh/app-assets/fonts/flag-icon-css/flags/4x3/cx.svg,DOC,lido,inventário V3
gestorssh/app-assets/fonts/flag-icon-css/flags/4x3/im.svg,DOC,lido,inventário V3
gestorssh/app-assets/fonts/flag-icon-css/flags/4x3/mk.svg,DOC,lido,inventário V3
gestorssh/app-assets/fonts/flag-icon-css/flags/4x3/ci.svg,DOC,lido,inventário V3
gestorssh/app-assets/fonts/flag-icon-css/flags/4x3/jo.svg,DOC,lido,inventário V3
gestorssh/app-assets/fonts/flag-icon-css/flags/4x3/az.svg,DOC,lido,inventário V3
gestorssh/app-assets/fonts/flag-icon-css/flags/4x3/gb-eng.svg,DOC,lido,inventário V3
gestorssh/app-assets/fonts/flag-icon-css/flags/4x3/pn.svg,DOC,lido,inventário V3
gestorssh/app-assets/fonts/flag-icon-css/flags/4x3/mr.svg,DOC,lido,inventário V3
gestorssh/app-assets/fonts/flag-icon-css/flags/4x3/am.svg,DOC,lido,inventário V3
gestorssh/app-assets/fonts/flag-icon-css/flags/4x3/ca.svg,DOC,lido,inventário V3
gestorssh/app-assets/fonts/flag-icon-css/flags/4x3/ug.svg,DOC,lido,inventário V3
gestorssh/app-assets/fonts/flag-icon-css/flags/4x3/ky.svg,DOC,lido,inventário V3
gestorssh/app-assets/fonts/flag-icon-css/flags/4x3/qa.svg,DOC,lido,inventário V3
gestorssh/app-assets/fonts/flag-icon-css/flags/4x3/gn.svg,DOC,lido,inventário V3
gestorssh/app-assets/fonts/flag-icon-css/flags/4x3/hu.svg,DOC,lido,inventário V3
gestorssh/app-assets/fonts/flag-icon-css/flags/4x3/gu.svg,DOC,lido,inventário V3
gestorssh/app-assets/fonts/flag-icon-css/flags/4x3/tt.svg,DOC,lido,inventário V3
gestorssh/app-assets/fonts/flag-icon-css/flags/4x3/jm.svg,DOC,lido,inventário V3
gestorssh/app-assets/fonts/flag-icon-css/flags/4x3/tr.svg,DOC,lido,inventário V3
gestorssh/app-assets/fonts/flag-icon-css/flags/4x3/in.svg,DOC,lido,inventário V3
gestorssh/app-assets/fonts/flag-icon-css/flags/4x3/uy.svg,DOC,lido,inventário V3
gestorssh/app-assets/fonts/flag-icon-css/flags/4x3/ec.svg,DOC,lido,inventário V3
gestorssh/app-assets/fonts/flag-icon-css/flags/4x3/bd.svg,DOC,lido,inventário V3
gestorssh/app-assets/fonts/flag-icon-css/flags/4x3/cv.svg,DOC,lido,inventário V3
gestorssh/app-assets/fonts/flag-icon-css/flags/4x3/sb.svg,DOC,lido,inventário V3
gestorssh/app-assets/fonts/flag-icon-css/flags/4x3/ni.svg,DOC,lido,inventário V3
gestorssh/app-assets/fonts/flag-icon-css/flags/4x3/et.svg,DOC,lido,inventário V3
gestorssh/app-assets/fonts/flag-icon-css/flags/4x3/co.svg,DOC,lido,inventário V3
gestorssh/app-assets/fonts/flag-icon-css/flags/4x3/va.svg,DOC,lido,inventário V3
gestorssh/app-assets/fonts/flag-icon-css/flags/4x3/gp.svg,DOC,lido,inventário V3
gestorssh/app-assets/fonts/flag-icon-css/flags/4x3/tz.svg,DOC,lido,inventário V3
gestorssh/app-assets/fonts/flag-icon-css/flags/4x3/bi.svg,DOC,lido,inventário V3
gestorssh/app-assets/fonts/flag-icon-css/flags/4x3/bq.svg,DOC,lido,inventário V3
gestorssh/app-assets/fonts/flag-icon-css/flags/4x3/me.svg,DOC,lido,inventário V3
gestorssh/app-assets/fonts/flag-icon-css/flags/4x3/gm.svg,DOC,lido,inventário V3
gestorssh/app-assets/fonts/flag-icon-css/flags/4x3/se.svg,DOC,lido,inventário V3
gestorssh/app-assets/fonts/flag-icon-css/flags/4x3/zm.svg,DOC,lido,inventário V3
gestorssh/app-assets/fonts/flag-icon-css/flags/4x3/cc.svg,DOC,lido,inventário V3
gestorssh/app-assets/fonts/flag-icon-css/flags/4x3/bo.svg,DOC,lido,inventário V3
gestorssh/app-assets/fonts/flag-icon-css/flags/4x3/za.svg,DOC,lido,inventário V3
gestorssh/app-assets/fonts/flag-icon-css/flags/4x3/bm.svg,DOC,lido,inventário V3
gestorssh/app-assets/fonts/flag-icon-css/flags/4x3/pw.svg,DOC,lido,inventário V3
gestorssh/app-assets/fonts/flag-icon-css/flags/4x3/nc.svg,DOC,lido,inventário V3
gestorssh/app-assets/fonts/flag-icon-css/flags/4x3/bj.svg,DOC,lido,inventário V3
gestorssh/app-assets/fonts/flag-icon-css/flags/4x3/ir.svg,DOC,lido,inventário V3
gestorssh/app-assets/fonts/flag-icon-css/flags/4x3/gh.svg,DOC,lido,inventário V3
gestorssh/app-assets/fonts/flag-icon-css/flags/4x3/ph.svg,DOC,lido,inventário V3
gestorssh/app-assets/fonts/flag-icon-css/flags/4x3/ao.svg,DOC,lido,inventário V3
gestorssh/app-assets/fonts/flag-icon-css/flags/4x3/nl.svg,DOC,lido,inventário V3
gestorssh/app-assets/fonts/flag-icon-css/flags/4x3/bz.svg,DOC,lido,inventário V3
gestorssh/app-assets/fonts/flag-icon-css/flags/4x3/py.svg,DOC,lido,inventário V3
gestorssh/app-assets/fonts/flag-icon-css/flags/4x3/no.svg,DOC,lido,inventário V3
gestorssh/app-assets/fonts/flag-icon-css/flags/4x3/bn.svg,DOC,lido,inventário V3
gestorssh/app-assets/fonts/flag-icon-css/flags/4x3/mh.svg,DOC,lido,inventário V3
gestorssh/app-assets/fonts/flag-icon-css/flags/4x3/gf.svg,DOC,lido,inventário V3
gestorssh/app-assets/fonts/flag-icon-css/flags/4x3/pm.svg,DOC,lido,inventário V3
gestorssh/app-assets/fonts/flag-icon-css/flags/4x3/re.svg,DOC,lido,inventário V3
gestorssh/app-assets/fonts/flag-icon-css/flags/4x3/dm.svg,DOC,lido,inventário V3
gestorssh/app-assets/fonts/flag-icon-css/flags/4x3/cf.svg,DOC,lido,inventário V3
gestorssh/app-assets/fonts/flag-icon-css/flags/4x3/mo.svg,DOC,lido,inventário V3
gestorssh/app-assets/fonts/flag-icon-css/flags/4x3/gr.svg,DOC,lido,inventário V3
gestorssh/app-assets/fonts/flag-icon-css/flags/4x3/bf.svg,DOC,lido,inventário V3
gestorssh/app-assets/fonts/flag-icon-css/flags/4x3/ru.svg,DOC,lido,inventário V3
gestorssh/app-assets/fonts/flag-icon-css/flags/4x3/la.svg,DOC,lido,inventário V3
gestorssh/app-assets/fonts/flag-icon-css/flags/4x3/vi.svg,DOC,lido,inventário V3
gestorssh/app-assets/fonts/flag-icon-css/flags/4x3/ps.svg,DOC,lido,inventário V3
gestorssh/app-assets/fonts/flag-icon-css/flags/4x3/gb-sct.svg,DOC,lido,inventário V3
gestorssh/app-assets/fonts/flag-icon-css/flags/4x3/lb.svg,DOC,lido,inventário V3
gestorssh/app-assets/fonts/flag-icon-css/flags/4x3/fk.svg,DOC,lido,inventário V3
gestorssh/app-assets/fonts/flag-icon-css/flags/4x3/fr.svg,DOC,lido,inventário V3
gestorssh/app-assets/fonts/flag-icon-css/flags/4x3/pt.svg,DOC,lido,inventário V3
gestorssh/app-assets/fonts/flag-icon-css/flags/4x3/km.svg,DOC,lido,inventário V3
gestorssh/app-assets/fonts/flag-icon-css/flags/4x3/bt.svg,DOC,lido,inventário V3
gestorssh/app-assets/fonts/flag-icon-css/flags/4x3/pl.svg,DOC,lido,inventário V3
gestorssh/app-assets/fonts/flag-icon-css/flags/4x3/ro.svg,DOC,lido,inventário V3
gestorssh/app-assets/fonts/flag-icon-css/flags/4x3/ng.svg,DOC,lido,inventário V3
gestorssh/app-assets/fonts/flag-icon-css/flags/4x3/sc.svg,DOC,lido,inventário V3
gestorssh/app-assets/fonts/flag-icon-css/flags/4x3/vc.svg,DOC,lido,inventário V3
gestorssh/app-assets/fonts/flag-icon-css/flags/4x3/hm.svg,DOC,lido,inventário V3
gestorssh/app-assets/fonts/flag-icon-css/flags/4x3/cd.svg,DOC,lido,inventário V3
gestorssh/app-assets/fonts/flag-icon-css/flags/4x3/ch.svg,DOC,lido,inventário V3
gestorssh/app-assets/fonts/flag-icon-css/flags/4x3/sj.svg,DOC,lido,inventário V3
gestorssh/app-assets/fonts/flag-icon-css/flags/4x3/tw.svg,DOC,lido,inventário V3
gestorssh/app-assets/fonts/flag-icon-css/flags/4x3/bs.svg,DOC,lido,inventário V3
gestorssh/app-assets/fonts/flag-icon-css/flags/4x3/mm.svg,DOC,lido,inventário V3
gestorssh/app-assets/fonts/flag-icon-css/flags/4x3/hn.svg,DOC,lido,inventário V3
gestorssh/app-assets/fonts/flag-icon-css/flags/4x3/kp.svg,DOC,lido,inventário V3
gestorssh/app-assets/fonts/flag-icon-css/flags/4x3/om.svg,DOC,lido,inventário V3
gestorssh/app-assets/fonts/flag-icon-css/flags/4x3/tg.svg,DOC,lido,inventário V3
gestorssh/app-assets/fonts/flag-icon-css/flags/4x3/cr.svg,DOC,lido,inventário V3
gestorssh/app-assets/fonts/flag-icon-css/flags/4x3/td.svg,DOC,lido,inventário V3
gestorssh/app-assets/fonts/flag-icon-css/flags/4x3/is.svg,DOC,lido,inventário V3
gestorssh/app-assets/fonts/flag-icon-css/flags/4x3/al.svg,DOC,lido,inventário V3
gestorssh/app-assets/fonts/flag-icon-css/flags/4x3/vu.svg,DOC,lido,inventário V3
gestorssh/app-assets/fonts/flag-icon-css/flags/4x3/br.svg,DOC,lido,inventário V3
gestorssh/app-assets/fonts/flag-icon-css/flags/4x3/sv.svg,DOC,lido,inventário V3
gestorssh/app-assets/fonts/flag-icon-css/flags/4x3/st.svg,DOC,lido,inventário V3
gestorssh/app-assets/fonts/flag-icon-css/flags/4x3/ye.svg,DOC,lido,inventário V3
gestorssh/app-assets/fonts/flag-icon-css/flags/4x3/kz.svg,DOC,lido,inventário V3
gestorssh/app-assets/fonts/flag-icon-css/flags/4x3/kw.svg,DOC,lido,inventário V3
gestorssh/app-assets/fonts/flag-icon-css/flags/4x3/kn.svg,DOC,lido,inventário V3
gestorssh/app-assets/fonts/flag-icon-css/flags/4x3/lk.svg,DOC,lido,inventário V3
gestorssh/app-assets/fonts/flag-icon-css/flags/4x3/ua.svg,DOC,lido,inventário V3
gestorssh/app-assets/fonts/flag-icon-css/flags/4x3/ee.svg,DOC,lido,inventário V3
gestorssh/app-assets/fonts/flag-icon-css/flags/4x3/na.svg,DOC,lido,inventário V3
gestorssh/app-assets/fonts/flag-icon-css/flags/4x3/ae.svg,DOC,lido,inventário V3
gestorssh/app-assets/fonts/flag-icon-css/flags/4x3/dz.svg,DOC,lido,inventário V3
gestorssh/app-assets/fonts/flag-icon-css/flags/4x3/gw.svg,DOC,lido,inventário V3
gestorssh/app-assets/fonts/flag-icon-css/flags/4x3/er.svg,DOC,lido,inventário V3
gestorssh/app-assets/fonts/flag-icon-css/flags/4x3/fm.svg,DOC,lido,inventário V3
gestorssh/app-assets/fonts/flag-icon-css/flags/4x3/es.svg,DOC,lido,inventário V3
gestorssh/app-assets/fonts/flag-icon-css/flags/4x3/sa.svg,DOC,lido,inventário V3
gestorssh/app-assets/fonts/flag-icon-css/flags/4x3/mt.svg,DOC,lido,inventário V3
gestorssh/app-assets/fonts/flag-icon-css/flags/4x3/fo.svg,DOC,lido,inventário V3
gestorssh/app-assets/fonts/flag-icon-css/flags/4x3/ag.svg,DOC,lido,inventário V3
gestorssh/app-assets/fonts/flag-icon-css/flags/4x3/iq.svg,DOC,lido,inventário V3
gestorssh/app-assets/fonts/flag-icon-css/flags/4x3/ws.svg,DOC,lido,inventário V3
gestorssh/app-assets/fonts/flag-icon-css/flags/4x3/cl.svg,DOC,lido,inventário V3
gestorssh/app-assets/fonts/flag-icon-css/flags/4x3/de.svg,DOC,lido,inventário V3
gestorssh/app-assets/fonts/flag-icon-css/flags/4x3/je.svg,DOC,lido,inventário V3
gestorssh/app-assets/fonts/flag-icon-css/flags/4x3/pg.svg,DOC,lido,inventário V3
gestorssh/app-assets/fonts/flag-icon-css/flags/4x3/mz.svg,DOC,lido,inventário V3
gestorssh/app-assets/fonts/flag-icon-css/flags/4x3/cn.svg,DOC,lido,inventário V3
gestorssh/app-assets/fonts/flag-icon-css/flags/4x3/cm.svg,DOC,lido,inventário V3
gestorssh/app-assets/fonts/flag-icon-css/flags/4x3/tm.svg,DOC,lido,inventário V3
gestorssh/app-assets/fonts/flag-icon-css/flags/4x3/sn.svg,DOC,lido,inventário V3
gestorssh/app-assets/fonts/flag-icon-css/flags/4x3/sd.svg,DOC,lido,inventário V3
gestorssh/app-assets/fonts/flag-icon-css/flags/4x3/ba.svg,DOC,lido,inventário V3
gestorssh/app-assets/fonts/flag-icon-css/flags/4x3/sr.svg,DOC,lido,inventário V3
gestorssh/app-assets/fonts/flag-icon-css/flags/4x3/kh.svg,DOC,lido,inventário V3
gestorssh/app-assets/fonts/flag-icon-css/flags/4x3/ml.svg,DOC,lido,inventário V3
gestorssh/app-assets/fonts/flag-icon-css/flags/4x3/as.svg,DOC,lido,inventário V3
gestorssh/app-assets/fonts/flag-icon-css/flags/4x3/ck.svg,DOC,lido,inventário V3
gestorssh/app-assets/fonts/flag-icon-css/flags/4x3/gi.svg,DOC,lido,inventário V3
gestorssh/app-assets/fonts/flag-icon-css/flags/4x3/bb.svg,DOC,lido,inventário V3
gestorssh/app-assets/fonts/flag-icon-css/flags/4x3/sm.svg,DOC,lido,inventário V3
gestorssh/app-assets/fonts/flag-icon-css/flags/4x3/vg.svg,DOC,lido,inventário V3
gestorssh/app-assets/fonts/flag-icon-css/flags/4x3/pr.svg,DOC,lido,inventário V3
gestorssh/app-assets/fonts/flag-icon-css/flags/4x3/mg.svg,DOC,lido,inventário V3
gestorssh/app-assets/fonts/flag-icon-css/flags/4x3/sg.svg,DOC,lido,inventário V3
gestorssh/app-assets/fonts/flag-icon-css/flags/4x3/eh.svg,DOC,lido,inventário V3
gestorssh/app-assets/fonts/flag-icon-css/flags/4x3/us.svg,DOC,lido,inventário V3
gestorssh/app-assets/fonts/flag-icon-css/flags/4x3/mf.svg,DOC,lido,inventário V3
gestorssh/app-assets/fonts/flag-icon-css/flags/4x3/wf.svg,DOC,lido,inventário V3
gestorssh/app-assets/fonts/flag-icon-css/flags/4x3/tc.svg,DOC,lido,inventário V3
gestorssh/app-assets/fonts/flag-icon-css/flags/4x3/by.svg,DOC,lido,inventário V3
gestorssh/app-assets/fonts/flag-icon-css/flags/4x3/pa.svg,DOC,lido,inventário V3
gestorssh/app-assets/fonts/flag-icon-css/flags/4x3/tv.svg,DOC,lido,inventário V3
gestorssh/app-assets/fonts/flag-icon-css/flags/4x3/vn.svg,DOC,lido,inventário V3
gestorssh/app-assets/fonts/flag-icon-css/flags/4x3/li.svg,DOC,lido,inventário V3
gestorssh/app-assets/fonts/flag-icon-css/flags/4x3/sl.svg,DOC,lido,inventário V3
gestorssh/app-assets/fonts/flag-icon-css/flags/1x1/au.svg,DOC,lido,inventário V3
gestorssh/app-assets/fonts/flag-icon-css/flags/1x1/ad.svg,DOC,lido,inventário V3
gestorssh/app-assets/fonts/flag-icon-css/flags/1x1/jp.svg,DOC,lido,inventário V3
gestorssh/app-assets/fonts/flag-icon-css/flags/1x1/kr.svg,DOC,lido,inventário V3
gestorssh/app-assets/fonts/flag-icon-css/flags/1x1/nr.svg,DOC,lido,inventário V3
gestorssh/app-assets/fonts/flag-icon-css/flags/1x1/tf.svg,DOC,lido,inventário V3
gestorssh/app-assets/fonts/flag-icon-css/flags/1x1/ge.svg,DOC,lido,inventário V3
gestorssh/app-assets/fonts/flag-icon-css/flags/1x1/np.svg,DOC,lido,inventário V3
gestorssh/app-assets/fonts/flag-icon-css/flags/1x1/nz.svg,DOC,lido,inventário V3
gestorssh/app-assets/fonts/flag-icon-css/flags/1x1/il.svg,DOC,lido,inventário V3
gestorssh/app-assets/fonts/flag-icon-css/flags/1x1/sh.svg,DOC,lido,inventário V3
gestorssh/app-assets/fonts/flag-icon-css/flags/1x1/rw.svg,DOC,lido,inventário V3
gestorssh/app-assets/fonts/flag-icon-css/flags/1x1/zw.svg,DOC,lido,inventário V3
gestorssh/app-assets/fonts/flag-icon-css/flags/1x1/cw.svg,DOC,lido,inventário V3
gestorssh/app-assets/fonts/flag-icon-css/flags/1x1/it.svg,DOC,lido,inventário V3
gestorssh/app-assets/fonts/flag-icon-css/flags/1x1/tk.svg,DOC,lido,inventário V3
gestorssh/app-assets/fonts/flag-icon-css/flags/1x1/ie.svg,DOC,lido,inventário V3
gestorssh/app-assets/fonts/flag-icon-css/flags/1x1/cy.svg,DOC,lido,inventário V3
gestorssh/app-assets/fonts/flag-icon-css/flags/1x1/ki.svg,DOC,lido,inventário V3
gestorssh/app-assets/fonts/flag-icon-css/flags/1x1/lu.svg,DOC,lido,inventário V3
gestorssh/app-assets/fonts/flag-icon-css/flags/1x1/lt.svg,DOC,lido,inventário V3
gestorssh/app-assets/fonts/flag-icon-css/flags/1x1/hk.svg,DOC,lido,inventário V3
gestorssh/app-assets/fonts/flag-icon-css/flags/1x1/bg.svg,DOC,lido,inventário V3
gestorssh/app-assets/fonts/flag-icon-css/flags/1x1/lr.svg,DOC,lido,inventário V3
gestorssh/app-assets/fonts/flag-icon-css/flags/1x1/mn.svg,DOC,lido,inventário V3
gestorssh/app-assets/fonts/flag-icon-css/flags/1x1/ai.svg,DOC,lido,inventário V3
gestorssh/app-assets/fonts/flag-icon-css/flags/1x1/at.svg,DOC,lido,inventário V3
gestorssh/app-assets/fonts/flag-icon-css/flags/1x1/ke.svg,DOC,lido,inventário V3
gestorssh/app-assets/fonts/flag-icon-css/flags/1x1/eg.svg,DOC,lido,inventário V3
gestorssh/app-assets/fonts/flag-icon-css/flags/1x1/fi.svg,DOC,lido,inventário V3
gestorssh/app-assets/fonts/flag-icon-css/flags/1x1/bw.svg,DOC,lido,inventário V3
gestorssh/app-assets/fonts/flag-icon-css/flags/1x1/ve.svg,DOC,lido,inventário V3
gestorssh/app-assets/fonts/flag-icon-css/flags/1x1/hr.svg,DOC,lido,inventário V3
gestorssh/app-assets/fonts/flag-icon-css/flags/1x1/ax.svg,DOC,lido,inventário V3
gestorssh/app-assets/fonts/flag-icon-css/flags/1x1/pf.svg,DOC,lido,inventário V3
gestorssh/app-assets/fonts/flag-icon-css/flags/1x1/io.svg,DOC,lido,inventário V3
gestorssh/app-assets/fonts/flag-icon-css/flags/1x1/gd.svg,DOC,lido,inventário V3
gestorssh/app-assets/fonts/flag-icon-css/flags/1x1/uz.svg,DOC,lido,inventário V3
gestorssh/app-assets/fonts/flag-icon-css/flags/1x1/nf.svg,DOC,lido,inventário V3
gestorssh/app-assets/fonts/flag-icon-css/flags/1x1/mx.svg,DOC,lido,inventário V3
gestorssh/app-assets/fonts/flag-icon-css/flags/1x1/sz.svg,DOC,lido,inventário V3
gestorssh/app-assets/fonts/flag-icon-css/flags/1x1/tj.svg,DOC,lido,inventário V3
gestorssh/app-assets/fonts/flag-icon-css/flags/1x1/nu.svg,DOC,lido,inventário V3
gestorssh/app-assets/fonts/flag-icon-css/flags/1x1/kg.svg,DOC,lido,inventário V3
gestorssh/app-assets/fonts/flag-icon-css/flags/1x1/ls.svg,DOC,lido,inventário V3
gestorssh/app-assets/fonts/flag-icon-css/flags/1x1/bl.svg,DOC,lido,inventário V3
gestorssh/app-assets/fonts/flag-icon-css/flags/1x1/ma.svg,DOC,lido,inventário V3
gestorssh/app-assets/fonts/flag-icon-css/flags/1x1/gl.svg,DOC,lido,inventário V3
gestorssh/app-assets/fonts/flag-icon-css/flags/1x1/md.svg,DOC,lido,inventário V3
gestorssh/app-assets/fonts/flag-icon-css/flags/1x1/gy.svg,DOC,lido,inventário V3
gestorssh/app-assets/fonts/flag-icon-css/flags/1x1/ga.svg,DOC,lido,inventário V3
gestorssh/app-assets/fonts/flag-icon-css/flags/1x1/lc.svg,DOC,lido,inventário V3
gestorssh/app-assets/fonts/flag-icon-css/flags/1x1/so.svg,DOC,lido,inventário V3
gestorssh/app-assets/fonts/flag-icon-css/flags/1x1/be.svg,DOC,lido,inventário V3
gestorssh/app-assets/fonts/flag-icon-css/flags/1x1/mw.svg,DOC,lido,inventário V3
gestorssh/app-assets/fonts/flag-icon-css/flags/1x1/rs.svg,DOC,lido,inventário V3
gestorssh/app-assets/fonts/flag-icon-css/flags/1x1/to.svg,DOC,lido,inventário V3
gestorssh/app-assets/fonts/flag-icon-css/flags/1x1/ar.svg,DOC,lido,inventário V3
gestorssh/app-assets/fonts/flag-icon-css/flags/1x1/cu.svg,DOC,lido,inventário V3
gestorssh/app-assets/fonts/flag-icon-css/flags/1x1/ne.svg,DOC,lido,inventário V3
gestorssh/app-assets/fonts/flag-icon-css/flags/1x1/af.svg,DOC,lido,inventário V3
gestorssh/app-assets/fonts/flag-icon-css/flags/1x1/ly.svg,DOC,lido,inventário V3
gestorssh/app-assets/fonts/flag-icon-css/flags/1x1/do.svg,DOC,lido,inventário V3
gestorssh/app-assets/fonts/flag-icon-css/flags/1x1/dk.svg,DOC,lido,inventário V3
gestorssh/app-assets/fonts/flag-icon-css/flags/1x1/sx.svg,DOC,lido,inventário V3
gestorssh/app-assets/fonts/flag-icon-css/flags/1x1/sy.svg,DOC,lido,inventário V3
gestorssh/app-assets/fonts/flag-icon-css/flags/1x1/gq.svg,DOC,lido,inventário V3
gestorssh/app-assets/fonts/flag-icon-css/flags/1x1/pe.svg,DOC,lido,inventário V3
gestorssh/app-assets/fonts/flag-icon-css/flags/1x1/my.svg,DOC,lido,inventário V3
gestorssh/app-assets/fonts/flag-icon-css/flags/1x1/gb-wls.svg,DOC,lido,inventário V3
gestorssh/app-assets/fonts/flag-icon-css/flags/1x1/pk.svg,DOC,lido,inventário V3
gestorssh/app-assets/fonts/flag-icon-css/flags/1x1/lv.svg,DOC,lido,inventário V3
gestorssh/app-assets/fonts/flag-icon-css/flags/1x1/gb.svg,DOC,lido,inventário V3
gestorssh/app-assets/fonts/flag-icon-css/flags/1x1/ms.svg,DOC,lido,inventário V3
gestorssh/app-assets/fonts/flag-icon-css/flags/1x1/th.svg,DOC,lido,inventário V3
gestorssh/app-assets/fonts/flag-icon-css/flags/1x1/sk.svg,DOC,lido,inventário V3
gestorssh/app-assets/fonts/flag-icon-css/flags/1x1/aq.svg,DOC,lido,inventário V3
gestorssh/app-assets/fonts/flag-icon-css/flags/1x1/aw.svg,DOC,lido,inventário V3
gestorssh/app-assets/fonts/flag-icon-css/flags/1x1/mv.svg,DOC,lido,inventário V3
gestorssh/app-assets/fonts/flag-icon-css/flags/1x1/mc.svg,DOC,lido,inventário V3
gestorssh/app-assets/fonts/flag-icon-css/flags/1x1/id.svg,DOC,lido,inventário V3
gestorssh/app-assets/fonts/flag-icon-css/flags/1x1/gs.svg,DOC,lido,inventário V3
gestorssh/app-assets/fonts/flag-icon-css/flags/1x1/dj.svg,DOC,lido,inventário V3
gestorssh/app-assets/fonts/flag-icon-css/flags/1x1/yt.svg,DOC,lido,inventário V3
gestorssh/app-assets/fonts/flag-icon-css/flags/1x1/cz.svg,DOC,lido,inventário V3
gestorssh/app-assets/fonts/flag-icon-css/flags/1x1/bh.svg,DOC,lido,inventário V3
gestorssh/app-assets/fonts/flag-icon-css/flags/1x1/mu.svg,DOC,lido,inventário V3
gestorssh/app-assets/fonts/flag-icon-css/flags/1x1/ss.svg,DOC,lido,inventário V3
gestorssh/app-assets/fonts/flag-icon-css/flags/1x1/fj.svg,DOC,lido,inventário V3
gestorssh/app-assets/fonts/flag-icon-css/flags/1x1/tn.svg,DOC,lido,inventário V3
gestorssh/app-assets/fonts/flag-icon-css/flags/1x1/tl.svg,DOC,lido,inventário V3
gestorssh/app-assets/fonts/flag-icon-css/flags/1x1/mp.svg,DOC,lido,inventário V3
gestorssh/app-assets/fonts/flag-icon-css/flags/1x1/eu.svg,DOC,lido,inventário V3
gestorssh/app-assets/fonts/flag-icon-css/flags/1x1/mq.svg,DOC,lido,inventário V3
gestorssh/app-assets/fonts/flag-icon-css/flags/1x1/ht.svg,DOC,lido,inventário V3
gestorssh/app-assets/fonts/flag-icon-css/flags/1x1/si.svg,DOC,lido,inventário V3
gestorssh/app-assets/fonts/flag-icon-css/flags/1x1/gt.svg,DOC,lido,inventário V3
gestorssh/app-assets/fonts/flag-icon-css/flags/1x1/gg.svg,DOC,lido,inventário V3
gestorssh/app-assets/fonts/flag-icon-css/flags/1x1/zz.svg,DOC,lido,inventário V3
gestorssh/app-assets/fonts/flag-icon-css/flags/1x1/um.svg,DOC,lido,inventário V3
gestorssh/app-assets/fonts/flag-icon-css/flags/1x1/cg.svg,DOC,lido,inventário V3
gestorssh/app-assets/fonts/flag-icon-css/flags/1x1/bv.svg,DOC,lido,inventário V3
gestorssh/app-assets/fonts/flag-icon-css/flags/1x1/cx.svg,DOC,lido,inventário V3
gestorssh/app-assets/fonts/flag-icon-css/flags/1x1/im.svg,DOC,lido,inventário V3
gestorssh/app-assets/fonts/flag-icon-css/flags/1x1/mk.svg,DOC,lido,inventário V3
gestorssh/app-assets/fonts/flag-icon-css/flags/1x1/ci.svg,DOC,lido,inventário V3
gestorssh/app-assets/fonts/flag-icon-css/flags/1x1/jo.svg,DOC,lido,inventário V3
gestorssh/app-assets/fonts/flag-icon-css/flags/1x1/az.svg,DOC,lido,inventário V3
gestorssh/app-assets/fonts/flag-icon-css/flags/1x1/gb-eng.svg,DOC,lido,inventário V3
gestorssh/app-assets/fonts/flag-icon-css/flags/1x1/pn.svg,DOC,lido,inventário V3
gestorssh/app-assets/fonts/flag-icon-css/flags/1x1/mr.svg,DOC,lido,inventário V3
gestorssh/app-assets/fonts/flag-icon-css/flags/1x1/am.svg,DOC,lido,inventário V3
gestorssh/app-assets/fonts/flag-icon-css/flags/1x1/ca.svg,DOC,lido,inventário V3
gestorssh/app-assets/fonts/flag-icon-css/flags/1x1/ug.svg,DOC,lido,inventário V3
gestorssh/app-assets/fonts/flag-icon-css/flags/1x1/ky.svg,DOC,lido,inventário V3
gestorssh/app-assets/fonts/flag-icon-css/flags/1x1/qa.svg,DOC,lido,inventário V3
gestorssh/app-assets/fonts/flag-icon-css/flags/1x1/gn.svg,DOC,lido,inventário V3
gestorssh/app-assets/fonts/flag-icon-css/flags/1x1/hu.svg,DOC,lido,inventário V3
gestorssh/app-assets/fonts/flag-icon-css/flags/1x1/gu.svg,DOC,lido,inventário V3
gestorssh/app-assets/fonts/flag-icon-css/flags/1x1/tt.svg,DOC,lido,inventário V3
gestorssh/app-assets/fonts/flag-icon-css/flags/1x1/jm.svg,DOC,lido,inventário V3
gestorssh/app-assets/fonts/flag-icon-css/flags/1x1/tr.svg,DOC,lido,inventário V3
gestorssh/app-assets/fonts/flag-icon-css/flags/1x1/in.svg,DOC,lido,inventário V3
gestorssh/app-assets/fonts/flag-icon-css/flags/1x1/uy.svg,DOC,lido,inventário V3
gestorssh/app-assets/fonts/flag-icon-css/flags/1x1/ec.svg,DOC,lido,inventário V3
gestorssh/app-assets/fonts/flag-icon-css/flags/1x1/bd.svg,DOC,lido,inventário V3
gestorssh/app-assets/fonts/flag-icon-css/flags/1x1/cv.svg,DOC,lido,inventário V3
gestorssh/app-assets/fonts/flag-icon-css/flags/1x1/sb.svg,DOC,lido,inventário V3
gestorssh/app-assets/fonts/flag-icon-css/flags/1x1/ni.svg,DOC,lido,inventário V3
gestorssh/app-assets/fonts/flag-icon-css/flags/1x1/et.svg,DOC,lido,inventário V3
gestorssh/app-assets/fonts/flag-icon-css/flags/1x1/co.svg,DOC,lido,inventário V3
gestorssh/app-assets/fonts/flag-icon-css/flags/1x1/va.svg,DOC,lido,inventário V3
gestorssh/app-assets/fonts/flag-icon-css/flags/1x1/gp.svg,DOC,lido,inventário V3
gestorssh/app-assets/fonts/flag-icon-css/flags/1x1/tz.svg,DOC,lido,inventário V3
gestorssh/app-assets/fonts/flag-icon-css/flags/1x1/bi.svg,DOC,lido,inventário V3
gestorssh/app-assets/fonts/flag-icon-css/flags/1x1/bq.svg,DOC,lido,inventário V3
gestorssh/app-assets/fonts/flag-icon-css/flags/1x1/me.svg,DOC,lido,inventário V3
gestorssh/app-assets/fonts/flag-icon-css/flags/1x1/gm.svg,DOC,lido,inventário V3
gestorssh/app-assets/fonts/flag-icon-css/flags/1x1/se.svg,DOC,lido,inventário V3
gestorssh/app-assets/fonts/flag-icon-css/flags/1x1/zm.svg,DOC,lido,inventário V3
gestorssh/app-assets/fonts/flag-icon-css/flags/1x1/cc.svg,DOC,lido,inventário V3
gestorssh/app-assets/fonts/flag-icon-css/flags/1x1/bo.svg,DOC,lido,inventário V3
gestorssh/app-assets/fonts/flag-icon-css/flags/1x1/za.svg,DOC,lido,inventário V3
gestorssh/app-assets/fonts/flag-icon-css/flags/1x1/bm.svg,DOC,lido,inventário V3
gestorssh/app-assets/fonts/flag-icon-css/flags/1x1/pw.svg,DOC,lido,inventário V3
gestorssh/app-assets/fonts/flag-icon-css/flags/1x1/nc.svg,DOC,lido,inventário V3
gestorssh/app-assets/fonts/flag-icon-css/flags/1x1/bj.svg,DOC,lido,inventário V3
gestorssh/app-assets/fonts/flag-icon-css/flags/1x1/ir.svg,DOC,lido,inventário V3
gestorssh/app-assets/fonts/flag-icon-css/flags/1x1/gh.svg,DOC,lido,inventário V3
gestorssh/app-assets/fonts/flag-icon-css/flags/1x1/ph.svg,DOC,lido,inventário V3
gestorssh/app-assets/fonts/flag-icon-css/flags/1x1/ao.svg,DOC,lido,inventário V3
gestorssh/app-assets/fonts/flag-icon-css/flags/1x1/nl.svg,DOC,lido,inventário V3
gestorssh/app-assets/fonts/flag-icon-css/flags/1x1/bz.svg,DOC,lido,inventário V3
gestorssh/app-assets/fonts/flag-icon-css/flags/1x1/py.svg,DOC,lido,inventário V3
gestorssh/app-assets/fonts/flag-icon-css/flags/1x1/no.svg,DOC,lido,inventário V3
gestorssh/app-assets/fonts/flag-icon-css/flags/1x1/bn.svg,DOC,lido,inventário V3
gestorssh/app-assets/fonts/flag-icon-css/flags/1x1/mh.svg,DOC,lido,inventário V3
gestorssh/app-assets/fonts/flag-icon-css/flags/1x1/gf.svg,DOC,lido,inventário V3
gestorssh/app-assets/fonts/flag-icon-css/flags/1x1/pm.svg,DOC,lido,inventário V3
gestorssh/app-assets/fonts/flag-icon-css/flags/1x1/re.svg,DOC,lido,inventário V3
gestorssh/app-assets/fonts/flag-icon-css/flags/1x1/dm.svg,DOC,lido,inventário V3
gestorssh/app-assets/fonts/flag-icon-css/flags/1x1/cf.svg,DOC,lido,inventário V3
gestorssh/app-assets/fonts/flag-icon-css/flags/1x1/mo.svg,DOC,lido,inventário V3
gestorssh/app-assets/fonts/flag-icon-css/flags/1x1/gr.svg,DOC,lido,inventário V3
gestorssh/app-assets/fonts/flag-icon-css/flags/1x1/bf.svg,DOC,lido,inventário V3
gestorssh/app-assets/fonts/flag-icon-css/flags/1x1/ru.svg,DOC,lido,inventário V3
gestorssh/app-assets/fonts/flag-icon-css/flags/1x1/la.svg,DOC,lido,inventário V3
gestorssh/app-assets/fonts/flag-icon-css/flags/1x1/vi.svg,DOC,lido,inventário V3
gestorssh/app-assets/fonts/flag-icon-css/flags/1x1/ps.svg,DOC,lido,inventário V3
gestorssh/app-assets/fonts/flag-icon-css/flags/1x1/gb-sct.svg,DOC,lido,inventário V3
gestorssh/app-assets/fonts/flag-icon-css/flags/1x1/lb.svg,DOC,lido,inventário V3
gestorssh/app-assets/fonts/flag-icon-css/flags/1x1/fk.svg,DOC,lido,inventário V3
gestorssh/app-assets/fonts/flag-icon-css/flags/1x1/fr.svg,DOC,lido,inventário V3
gestorssh/app-assets/fonts/flag-icon-css/flags/1x1/pt.svg,DOC,lido,inventário V3
gestorssh/app-assets/fonts/flag-icon-css/flags/1x1/km.svg,DOC,lido,inventário V3
gestorssh/app-assets/fonts/flag-icon-css/flags/1x1/bt.svg,DOC,lido,inventário V3
gestorssh/app-assets/fonts/flag-icon-css/flags/1x1/pl.svg,DOC,lido,inventário V3
gestorssh/app-assets/fonts/flag-icon-css/flags/1x1/ro.svg,DOC,lido,inventário V3
gestorssh/app-assets/fonts/flag-icon-css/flags/1x1/ng.svg,DOC,lido,inventário V3
gestorssh/app-assets/fonts/flag-icon-css/flags/1x1/sc.svg,DOC,lido,inventário V3
gestorssh/app-assets/fonts/flag-icon-css/flags/1x1/vc.svg,DOC,lido,inventário V3
gestorssh/app-assets/fonts/flag-icon-css/flags/1x1/hm.svg,DOC,lido,inventário V3
gestorssh/app-assets/fonts/flag-icon-css/flags/1x1/cd.svg,DOC,lido,inventário V3
gestorssh/app-assets/fonts/flag-icon-css/flags/1x1/ch.svg,DOC,lido,inventário V3
gestorssh/app-assets/fonts/flag-icon-css/flags/1x1/sj.svg,DOC,lido,inventário V3
gestorssh/app-assets/fonts/flag-icon-css/flags/1x1/tw.svg,DOC,lido,inventário V3
gestorssh/app-assets/fonts/flag-icon-css/flags/1x1/bs.svg,DOC,lido,inventário V3
gestorssh/app-assets/fonts/flag-icon-css/flags/1x1/mm.svg,DOC,lido,inventário V3
gestorssh/app-assets/fonts/flag-icon-css/flags/1x1/hn.svg,DOC,lido,inventário V3
gestorssh/app-assets/fonts/flag-icon-css/flags/1x1/kp.svg,DOC,lido,inventário V3
gestorssh/app-assets/fonts/flag-icon-css/flags/1x1/om.svg,DOC,lido,inventário V3
gestorssh/app-assets/fonts/flag-icon-css/flags/1x1/tg.svg,DOC,lido,inventário V3
gestorssh/app-assets/fonts/flag-icon-css/flags/1x1/cr.svg,DOC,lido,inventário V3
gestorssh/app-assets/fonts/flag-icon-css/flags/1x1/td.svg,DOC,lido,inventário V3
gestorssh/app-assets/fonts/flag-icon-css/flags/1x1/is.svg,DOC,lido,inventário V3
gestorssh/app-assets/fonts/flag-icon-css/flags/1x1/al.svg,DOC,lido,inventário V3
gestorssh/app-assets/fonts/flag-icon-css/flags/1x1/vu.svg,DOC,lido,inventário V3
gestorssh/app-assets/fonts/flag-icon-css/flags/1x1/br.svg,DOC,lido,inventário V3
gestorssh/app-assets/fonts/flag-icon-css/flags/1x1/sv.svg,DOC,lido,inventário V3
gestorssh/app-assets/fonts/flag-icon-css/flags/1x1/st.svg,DOC,lido,inventário V3
gestorssh/app-assets/fonts/flag-icon-css/flags/1x1/ye.svg,DOC,lido,inventário V3
gestorssh/app-assets/fonts/flag-icon-css/flags/1x1/kz.svg,DOC,lido,inventário V3
gestorssh/app-assets/fonts/flag-icon-css/flags/1x1/kw.svg,DOC,lido,inventário V3
gestorssh/app-assets/fonts/flag-icon-css/flags/1x1/kn.svg,DOC,lido,inventário V3
gestorssh/app-assets/fonts/flag-icon-css/flags/1x1/lk.svg,DOC,lido,inventário V3
gestorssh/app-assets/fonts/flag-icon-css/flags/1x1/ua.svg,DOC,lido,inventário V3
gestorssh/app-assets/fonts/flag-icon-css/flags/1x1/ee.svg,DOC,lido,inventário V3
gestorssh/app-assets/fonts/flag-icon-css/flags/1x1/na.svg,DOC,lido,inventário V3
gestorssh/app-assets/fonts/flag-icon-css/flags/1x1/ae.svg,DOC,lido,inventário V3
gestorssh/app-assets/fonts/flag-icon-css/flags/1x1/dz.svg,DOC,lido,inventário V3
gestorssh/app-assets/fonts/flag-icon-css/flags/1x1/gw.svg,DOC,lido,inventário V3
gestorssh/app-assets/fonts/flag-icon-css/flags/1x1/er.svg,DOC,lido,inventário V3
gestorssh/app-assets/fonts/flag-icon-css/flags/1x1/fm.svg,DOC,lido,inventário V3
gestorssh/app-assets/fonts/flag-icon-css/flags/1x1/es.svg,DOC,lido,inventário V3
gestorssh/app-assets/fonts/flag-icon-css/flags/1x1/sa.svg,DOC,lido,inventário V3
gestorssh/app-assets/fonts/flag-icon-css/flags/1x1/mt.svg,DOC,lido,inventário V3
gestorssh/app-assets/fonts/flag-icon-css/flags/1x1/fo.svg,DOC,lido,inventário V3
gestorssh/app-assets/fonts/flag-icon-css/flags/1x1/ag.svg,DOC,lido,inventário V3
gestorssh/app-assets/fonts/flag-icon-css/flags/1x1/iq.svg,DOC,lido,inventário V3
gestorssh/app-assets/fonts/flag-icon-css/flags/1x1/ws.svg,DOC,lido,inventário V3
gestorssh/app-assets/fonts/flag-icon-css/flags/1x1/cl.svg,DOC,lido,inventário V3
gestorssh/app-assets/fonts/flag-icon-css/flags/1x1/de.svg,DOC,lido,inventário V3
gestorssh/app-assets/fonts/flag-icon-css/flags/1x1/je.svg,DOC,lido,inventário V3
gestorssh/app-assets/fonts/flag-icon-css/flags/1x1/pg.svg,DOC,lido,inventário V3
gestorssh/app-assets/fonts/flag-icon-css/flags/1x1/mz.svg,DOC,lido,inventário V3
gestorssh/app-assets/fonts/flag-icon-css/flags/1x1/cn.svg,DOC,lido,inventário V3
gestorssh/app-assets/fonts/flag-icon-css/flags/1x1/cm.svg,DOC,lido,inventário V3
gestorssh/app-assets/fonts/flag-icon-css/flags/1x1/tm.svg,DOC,lido,inventário V3
gestorssh/app-assets/fonts/flag-icon-css/flags/1x1/sn.svg,DOC,lido,inventário V3
gestorssh/app-assets/fonts/flag-icon-css/flags/1x1/sd.svg,DOC,lido,inventário V3
gestorssh/app-assets/fonts/flag-icon-css/flags/1x1/ba.svg,DOC,lido,inventário V3
gestorssh/app-assets/fonts/flag-icon-css/flags/1x1/sr.svg,DOC,lido,inventário V3
gestorssh/app-assets/fonts/flag-icon-css/flags/1x1/kh.svg,DOC,lido,inventário V3
gestorssh/app-assets/fonts/flag-icon-css/flags/1x1/ml.svg,DOC,lido,inventário V3
gestorssh/app-assets/fonts/flag-icon-css/flags/1x1/as.svg,DOC,lido,inventário V3
gestorssh/app-assets/fonts/flag-icon-css/flags/1x1/ck.svg,DOC,lido,inventário V3
gestorssh/app-assets/fonts/flag-icon-css/flags/1x1/gi.svg,DOC,lido,inventário V3
gestorssh/app-assets/fonts/flag-icon-css/flags/1x1/bb.svg,DOC,lido,inventário V3
gestorssh/app-assets/fonts/flag-icon-css/flags/1x1/sm.svg,DOC,lido,inventário V3
gestorssh/app-assets/fonts/flag-icon-css/flags/1x1/vg.svg,DOC,lido,inventário V3
gestorssh/app-assets/fonts/flag-icon-css/flags/1x1/pr.svg,DOC,lido,inventário V3
gestorssh/app-assets/fonts/flag-icon-css/flags/1x1/mg.svg,DOC,lido,inventário V3
gestorssh/app-assets/fonts/flag-icon-css/flags/1x1/sg.svg,DOC,lido,inventário V3
gestorssh/app-assets/fonts/flag-icon-css/flags/1x1/eh.svg,DOC,lido,inventário V3
gestorssh/app-assets/fonts/flag-icon-css/flags/1x1/us.svg,DOC,lido,inventário V3
gestorssh/app-assets/fonts/flag-icon-css/flags/1x1/mf.svg,DOC,lido,inventário V3
gestorssh/app-assets/fonts/flag-icon-css/flags/1x1/wf.svg,DOC,lido,inventário V3
gestorssh/app-assets/fonts/flag-icon-css/flags/1x1/tc.svg,DOC,lido,inventário V3
gestorssh/app-assets/fonts/flag-icon-css/flags/1x1/by.svg,DOC,lido,inventário V3
gestorssh/app-assets/fonts/flag-icon-css/flags/1x1/pa.svg,DOC,lido,inventário V3
gestorssh/app-assets/fonts/flag-icon-css/flags/1x1/tv.svg,DOC,lido,inventário V3
gestorssh/app-assets/fonts/flag-icon-css/flags/1x1/vn.svg,DOC,lido,inventário V3
gestorssh/app-assets/fonts/flag-icon-css/flags/1x1/li.svg,DOC,lido,inventário V3
gestorssh/app-assets/fonts/flag-icon-css/flags/1x1/sl.svg,DOC,lido,inventário V3
gestorssh/app-assets/js/core/app-menu.min.js,DOC,lido,inventário V3
gestorssh/app-assets/js/core/app.js,DOC,lido,inventário V3
gestorssh/app-assets/js/core/app.min.js,DOC,lido,inventário V3
gestorssh/app-assets/js/core/app-menu.js,DOC,lido,inventário V3
gestorssh/app-assets/js/scripts/customizer.js,DOC,lido,inventário V3
gestorssh/app-assets/js/scripts/documentation.min.js,DOC,lido,inventário V3
gestorssh/app-assets/js/scripts/customizer.min.js,DOC,lido,inventário V3
gestorssh/app-assets/js/scripts/documentation.js,DOC,lido,inventário V3
gestorssh/app-assets/js/scripts/tables/table-datatables-basic.min.js,DOC,lido,inventário V3
gestorssh/app-assets/js/scripts/tables/table-datatables-advanced.js,DOC,lido,inventário V3
gestorssh/app-assets/js/scripts/tables/table-datatables-basic.js,DOC,lido,inventário V3
gestorssh/app-assets/js/scripts/tables/table-datatables-advanced.min.js,DOC,lido,inventário V3
gestorssh/app-assets/js/scripts/extensions/ext-component-blockui.js,DOC,lido,inventário V3
gestorssh/app-assets/js/scripts/extensions/ext-component-swiper.js,DOC,lido,inventário V3
gestorssh/app-assets/js/scripts/extensions/ext-component-tree.min.js,DOC,lido,inventário V3
gestorssh/app-assets/js/scripts/extensions/ext-component-swiper.min.js,DOC,lido,inventário V3
gestorssh/app-assets/js/scripts/extensions/ext-component-media-player.js,DOC,lido,inventário V3
gestorssh/app-assets/js/scripts/extensions/ext-component-sweet-alerts.js,DOC,lido,inventário V3
gestorssh/app-assets/js/scripts/extensions/ext-component-clipboard.js,DOC,lido,inventário V3
gestorssh/app-assets/js/scripts/extensions/ext-component-clipboard.min.js,DOC,lido,inventário V3
gestorssh/app-assets/js/scripts/extensions/ext-component-drag-drop.js,DOC,lido,inventário V3
gestorssh/app-assets/js/scripts/extensions/ext-component-ratings.min.js,DOC,lido,inventário V3
gestorssh/app-assets/js/scripts/extensions/ext-component-i18n.min.js,DOC,lido,inventário V3
gestorssh/app-assets/js/scripts/extensions/ext-component-toastr.js,DOC,lido,inventário V3
gestorssh/app-assets/js/scripts/extensions/ext-component-context-menu.min.js,DOC,lido,inventário V3
gestorssh/app-assets/js/scripts/extensions/ext-component-tree.js,DOC,lido,inventário V3
gestorssh/app-assets/js/scripts/extensions/ext-component-drag-drop.min.js,DOC,lido,inventário V3
gestorssh/app-assets/js/scripts/extensions/ext-component-toastr.min.js,DOC,lido,inventário V3
gestorssh/app-assets/js/scripts/extensions/ext-component-ratings.js,DOC,lido,inventário V3
gestorssh/app-assets/js/scripts/extensions/ext-component-sliders.js,DOC,lido,inventário V3
gestorssh/app-assets/js/scripts/extensions/ext-component-blockui.min.js,DOC,lido,inventário V3
gestorssh/app-assets/js/scripts/extensions/ext-component-sweet-alerts.min.js,DOC,lido,inventário V3
gestorssh/app-assets/js/scripts/extensions/ext-component-sliders.min.js,DOC,lido,inventário V3
gestorssh/app-assets/js/scripts/extensions/ext-component-tour.js,DOC,lido,inventário V3
gestorssh/app-assets/js/scripts/extensions/ext-component-media-player.min.js,DOC,lido,inventário V3
gestorssh/app-assets/js/scripts/extensions/ext-component-i18n.js,DOC,lido,inventário V3
gestorssh/app-assets/js/scripts/extensions/ext-component-context-menu.js,DOC,lido,inventário V3
gestorssh/app-assets/js/scripts/extensions/ext-component-tour.min.js,DOC,lido,inventário V3
gestorssh/app-assets/js/scripts/maps/map-leaflet.min.js,DOC,lido,inventário V3
gestorssh/app-assets/js/scripts/maps/map-leaflet.js,DOC,lido,inventário V3
gestorssh/app-assets/js/scripts/ui/ui-feather.js,DOC,lido,inventário V3
gestorssh/app-assets/js/scripts/ui/ui-feather.min.js,DOC,lido,inventário V3
gestorssh/app-assets/js/scripts/pages/modal-add-new-address.min.js,DOC,lido,inventário V3
gestorssh/app-assets/js/scripts/pages/modal-add-new-cc.js,DOC,lido,inventário V3
gestorssh/app-assets/js/scripts/pages/app-invoice.js,DOC,lido,inventário V3
gestorssh/app-assets/js/scripts/pages/modal-edit-permission.js,DOC,lido,inventário V3
gestorssh/app-assets/js/scripts/pages/modal-add-role.min.js,DOC,lido,inventário V3
gestorssh/app-assets/js/scripts/pages/app-ecommerce.min.js,DOC,lido,inventário V3
gestorssh/app-assets/js/scripts/pages/modal-edit-cc.js,DOC,lido,inventário V3
gestorssh/app-assets/js/scripts/pages/app-file-manager.js,DOC,lido,inventário V3
gestorssh/app-assets/js/scripts/pages/app-ecommerce-details.js,DOC,lido,inventário V3
gestorssh/app-assets/js/scripts/pages/modal-two-factor-auth.min.js,DOC,lido,inventário V3
gestorssh/app-assets/js/scripts/pages/page-knowledge-base.js,DOC,lido,inventário V3
gestorssh/app-assets/js/scripts/pages/app-user-view-security.js,DOC,lido,inventário V3
gestorssh/app-assets/js/scripts/pages/auth-reset-password.js,DOC,lido,inventário V3
gestorssh/app-assets/js/scripts/pages/modal-add-new-address.js,DOC,lido,inventário V3
gestorssh/app-assets/js/scripts/pages/modal-add-permission.js,DOC,lido,inventário V3
gestorssh/app-assets/js/scripts/pages/modal-edit-permission.min.js,DOC,lido,inventário V3
gestorssh/app-assets/js/scripts/pages/app-ecommerce-wishlist.min.js,DOC,lido,inventário V3
gestorssh/app-assets/js/scripts/pages/page-blog-edit.min.js,DOC,lido,inventário V3
gestorssh/app-assets/js/scripts/pages/app-user-view.min.js,DOC,lido,inventário V3
gestorssh/app-assets/js/scripts/pages/page-account-settings-account.js,DOC,lido,inventário V3
gestorssh/app-assets/js/scripts/pages/app-todo.js,DOC,lido,inventário V3
gestorssh/app-assets/js/scripts/pages/app-access-roles.min.js,DOC,lido,inventário V3
gestorssh/app-assets/js/scripts/pages/app-user-view.js,DOC,lido,inventário V3
gestorssh/app-assets/js/scripts/pages/modal-edit-user.js,DOC,lido,inventário V3
gestorssh/app-assets/js/scripts/pages/dashboard-ecommerce.min.js,DOC,lido,inventário V3
gestorssh/app-assets/js/scripts/pages/auth-reset-password.min.js,DOC,lido,inventário V3
gestorssh/app-assets/js/scripts/pages/page-api-key.min.js,DOC,lido,inventário V3
gestorssh/app-assets/js/scripts/pages/app-email.min.js,DOC,lido,inventário V3
gestorssh/app-assets/js/scripts/pages/modal-share-project.js,DOC,lido,inventário V3
gestorssh/app-assets/js/scripts/pages/app-ecommerce-checkout.js,DOC,lido,inventário V3
gestorssh/app-assets/js/scripts/pages/page-api-key.js,DOC,lido,inventário V3
gestorssh/app-assets/js/scripts/pages/app-file-manager.min.js,DOC,lido,inventário V3
gestorssh/app-assets/js/scripts/pages/app-calendar.min.js,DOC,lido,inventário V3
gestorssh/app-assets/js/scripts/pages/app-email.js,DOC,lido,inventário V3
gestorssh/app-assets/js/scripts/pages/page-pricing.min.js,DOC,lido,inventário V3
gestorssh/app-assets/js/scripts/pages/auth-login.js,DOC,lido,inventário V3
gestorssh/app-assets/js/scripts/pages/dashboard-analytics.js,DOC,lido,inventário V3
gestorssh/app-assets/js/scripts/pages/page-knowledge-base.min.js,DOC,lido,inventário V3
gestorssh/app-assets/js/scripts/pages/auth-register.min.js,DOC,lido,inventário V3
gestorssh/app-assets/js/scripts/pages/app-user-view-security.min.js,DOC,lido,inventário V3
gestorssh/app-assets/js/scripts/pages/app-chat.js,DOC,lido,inventário V3
gestorssh/app-assets/js/scripts/pages/modal-add-role.js,DOC,lido,inventário V3
gestorssh/app-assets/js/scripts/pages/page-profile.js,DOC,lido,inventário V3
gestorssh/app-assets/js/scripts/pages/app-access-roles.js,DOC,lido,inventário V3
gestorssh/app-assets/js/scripts/pages/modal-edit-cc.min.js,DOC,lido,inventário V3
gestorssh/app-assets/js/scripts/pages/app-user-list.min.js,DOC,lido,inventário V3
gestorssh/app-assets/js/scripts/pages/page-profile.min.js,DOC,lido,inventário V3
gestorssh/app-assets/js/scripts/pages/app-calendar-events.min.js,DOC,lido,inventário V3
gestorssh/app-assets/js/scripts/pages/app-access-permission.min.js,DOC,lido,inventário V3
gestorssh/app-assets/js/scripts/pages/app-calendar-events.js,DOC,lido,inventário V3
gestorssh/app-assets/js/scripts/pages/auth-forgot-password.js,DOC,lido,inventário V3
gestorssh/app-assets/js/scripts/pages/modal-edit-user.min.js,DOC,lido,inventário V3
gestorssh/app-assets/js/scripts/pages/page-account-settings-billing.min.js,DOC,lido,inventário V3
gestorssh/app-assets/js/scripts/pages/app-calendar.js,DOC,lido,inventário V3
gestorssh/app-assets/js/scripts/pages/auth-register.js,DOC,lido,inventário V3
gestorssh/app-assets/js/scripts/pages/modal-two-factor-auth.js,DOC,lido,inventário V3
gestorssh/app-assets/js/scripts/pages/app-chat.min.js,DOC,lido,inventário V3
gestorssh/app-assets/js/scripts/pages/app-invoice-print.js,DOC,lido,inventário V3
gestorssh/app-assets/js/scripts/pages/page-account-settings-security.min.js,DOC,lido,inventário V3
gestorssh/app-assets/js/scripts/pages/app-access-permission.js,DOC,lido,inventário V3
gestorssh/app-assets/js/scripts/pages/auth-login.min.js,DOC,lido,inventário V3
gestorssh/app-assets/js/scripts/pages/auth-forgot-password.min.js,DOC,lido,inventário V3
gestorssh/app-assets/js/scripts/pages/app-invoice-print.min.js,DOC,lido,inventário V3
gestorssh/app-assets/js/scripts/pages/auth-two-steps.js,DOC,lido,inventário V3
gestorssh/app-assets/js/scripts/pages/modal-create-app.js,DOC,lido,inventário V3
gestorssh/app-assets/js/scripts/pages/app-user-view-billing.js,DOC,lido,inventário V3
gestorssh/app-assets/js/scripts/pages/modal-create-app.min.js,DOC,lido,inventário V3
gestorssh/app-assets/js/scripts/pages/auth-two-steps.min.js,DOC,lido,inventário V3
gestorssh/app-assets/js/scripts/pages/app-user-list.js,DOC,lido,inventário V3
gestorssh/app-assets/js/scripts/pages/page-account-settings-account.min.js,DOC,lido,inventário V3
gestorssh/app-assets/js/scripts/pages/app-user-view-account.js,DOC,lido,inventário V3
gestorssh/app-assets/js/scripts/pages/app-invoice-list.min.js,DOC,lido,inventário V3
gestorssh/app-assets/js/scripts/pages/app-invoice-list.js,DOC,lido,inventário V3
gestorssh/app-assets/js/scripts/pages/dashboard-ecommerce.js,DOC,lido,inventário V3
gestorssh/app-assets/js/scripts/pages/app-kanban.js,DOC,lido,inventário V3
gestorssh/app-assets/js/scripts/pages/app-todo.min.js,DOC,lido,inventário V3
gestorssh/app-assets/js/scripts/pages/app-ecommerce-checkout.min.js,DOC,lido,inventário V3
gestorssh/app-assets/js/scripts/pages/modal-share-project.min.js,DOC,lido,inventário V3
gestorssh/app-assets/js/scripts/pages/page-account-settings-billing.js,DOC,lido,inventário V3
gestorssh/app-assets/js/scripts/pages/app-invoice.min.js,DOC,lido,inventário V3
gestorssh/app-assets/js/scripts/pages/dashboard-analytics.min.js,DOC,lido,inventário V3
gestorssh/app-assets/js/scripts/pages/page-blog-edit.js,DOC,lido,inventário V3
gestorssh/app-assets/js/scripts/pages/app-kanban.min.js,DOC,lido,inventário V3
gestorssh/app-assets/js/scripts/pages/app-user-view-account.min.js,DOC,lido,inventário V3
gestorssh/app-assets/js/scripts/pages/app-ecommerce-details.min.js,DOC,lido,inventário V3
gestorssh/app-assets/js/scripts/pages/page-account-settings-security.js,DOC,lido,inventário V3
gestorssh/app-assets/js/scripts/pages/modal-add-permission.min.js,DOC,lido,inventário V3
gestorssh/app-assets/js/scripts/pages/app-ecommerce.js,DOC,lido,inventário V3
gestorssh/app-assets/js/scripts/pages/page-pricing.js,DOC,lido,inventário V3
gestorssh/app-assets/js/scripts/pages/modal-add-new-cc.min.js,DOC,lido,inventário V3
gestorssh/app-assets/js/scripts/pages/app-user-view-billing.min.js,DOC,lido,inventário V3
gestorssh/app-assets/js/scripts/pages/app-ecommerce-wishlist.js,DOC,lido,inventário V3
gestorssh/app-assets/js/scripts/pagination/components-pagination.js,DOC,lido,inventário V3
gestorssh/app-assets/js/scripts/pagination/components-pagination.min.js,DOC,lido,inventário V3
gestorssh/app-assets/js/scripts/components/components-accordion.js,DOC,lido,inventário V3
gestorssh/app-assets/js/scripts/components/components-dropdowns.js,DOC,lido,inventário V3
gestorssh/app-assets/js/scripts/components/components-alerts.js,DOC,lido,inventário V3
gestorssh/app-assets/js/scripts/components/components-tooltips.js,DOC,lido,inventário V3
gestorssh/app-assets/js/scripts/components/components-modals.js,DOC,lido,inventário V3
gestorssh/app-assets/js/scripts/components/components-modals.min.js,DOC,lido,inventário V3
gestorssh/app-assets/js/scripts/components/components-navs.min.js,DOC,lido,inventário V3
gestorssh/app-assets/js/scripts/components/components-bs-toast.js,DOC,lido,inventário V3
gestorssh/app-assets/js/scripts/components/components-popovers.min.js,DOC,lido,inventário V3
gestorssh/app-assets/js/scripts/components/components-accordion.min.js,DOC,lido,inventário V3
gestorssh/app-assets/js/scripts/components/components-dropdowns.min.js,DOC,lido,inventário V3
gestorssh/app-assets/js/scripts/components/components-bs-toast.min.js,DOC,lido,inventário V3
gestorssh/app-assets/js/scripts/components/components-popovers.js,DOC,lido,inventário V3
gestorssh/app-assets/js/scripts/components/components-tooltips.min.js,DOC,lido,inventário V3
gestorssh/app-assets/js/scripts/components/components-alerts.min.js,DOC,lido,inventário V3
gestorssh/app-assets/js/scripts/components/components-navs.js,DOC,lido,inventário V3
gestorssh/app-assets/js/scripts/cards/card-statistics.min.js,DOC,lido,inventário V3
gestorssh/app-assets/js/scripts/cards/card-advance.js,DOC,lido,inventário V3
gestorssh/app-assets/js/scripts/cards/card-statistics.js,DOC,lido,inventário V3
gestorssh/app-assets/js/scripts/cards/card-analytics.js,DOC,lido,inventário V3
gestorssh/app-assets/js/scripts/cards/card-advance.min.js,DOC,lido,inventário V3
gestorssh/app-assets/js/scripts/cards/card-analytics.min.js,DOC,lido,inventário V3
gestorssh/app-assets/js/scripts/charts/chart-apex.js,DOC,lido,inventário V3
gestorssh/app-assets/js/scripts/charts/chart-chartjs.min.js,DOC,lido,inventário V3
gestorssh/app-assets/js/scripts/charts/chart-apex.min.js,DOC,lido,inventário V3
gestorssh/app-assets/js/scripts/charts/chart-chartjs.js,DOC,lido,inventário V3
gestorssh/app-assets/js/scripts/forms/form-quill-editor.js,DOC,lido,inventário V3
gestorssh/app-assets/js/scripts/forms/form-input-mask.js,DOC,lido,inventário V3
gestorssh/app-assets/js/scripts/forms/form-repeater.js,DOC,lido,inventário V3
gestorssh/app-assets/js/scripts/forms/form-wizard.js,DOC,lido,inventário V3
gestorssh/app-assets/js/scripts/forms/form-validation.min.js,DOC,lido,inventário V3
gestorssh/app-assets/js/scripts/forms/form-file-uploader.min.js,DOC,lido,inventário V3
gestorssh/app-assets/js/scripts/forms/form-repeater.min.js,DOC,lido,inventário V3
gestorssh/app-assets/js/scripts/forms/form-number-input.js,DOC,lido,inventário V3
gestorssh/app-assets/js/scripts/forms/form-input-mask.min.js,DOC,lido,inventário V3
gestorssh/app-assets/js/scripts/forms/form-select2.min.js,DOC,lido,inventário V3
gestorssh/app-assets/js/scripts/forms/form-tooltip-valid.min.js,DOC,lido,inventário V3
gestorssh/app-assets/js/scripts/forms/form-tooltip-valid.js,DOC,lido,inventário V3
gestorssh/app-assets/js/scripts/forms/form-select2.js,DOC,lido,inventário V3
gestorssh/app-assets/js/scripts/forms/form-validation.js,DOC,lido,inventário V3
gestorssh/app-assets/js/scripts/forms/form-number-input.min.js,DOC,lido,inventário V3
gestorssh/app-assets/js/scripts/forms/form-wizard.min.js,DOC,lido,inventário V3
gestorssh/app-assets/js/scripts/forms/form-file-uploader.js,DOC,lido,inventário V3
gestorssh/app-assets/js/scripts/forms/form-quill-editor.min.js,DOC,lido,inventário V3
gestorssh/app-assets/js/scripts/forms/pickers/form-pickers.js,DOC,lido,inventário V3
gestorssh/app-assets/js/scripts/forms/pickers/form-pickers.min.js,DOC,lido,inventário V3
gestorssh/app-assets/css-rtl/themes/dark-layout.min.css,DOC,lido,inventário V3
gestorssh/app-assets/css-rtl/themes/semi-dark-layout.min.css,DOC,lido,inventário V3
gestorssh/app-assets/css-rtl/themes/semi-dark-layout.css,DOC,lido,inventário V3
gestorssh/app-assets/css-rtl/themes/dark-layout.css,DOC,lido,inventário V3
gestorssh/app-assets/css-rtl/themes/bordered-layout.min.css,DOC,lido,inventário V3
gestorssh/app-assets/css-rtl/themes/bordered-layout.css,DOC,lido,inventário V3
gestorssh/app-assets/css-rtl/pages/page-pricing.css,DOC,lido,inventário V3
gestorssh/app-assets/css-rtl/pages/ui-feather.css,DOC,lido,inventário V3
gestorssh/app-assets/css-rtl/pages/page-misc.min.css,DOC,lido,inventário V3
gestorssh/app-assets/css-rtl/pages/modal-create-app.css,DOC,lido,inventário V3
gestorssh/app-assets/css-rtl/pages/app-chat.css,DOC,lido,inventário V3
gestorssh/app-assets/css-rtl/pages/app-file-manager.min.css,DOC,lido,inventário V3
gestorssh/app-assets/css-rtl/pages/page-blog.min.css,DOC,lido,inventário V3
gestorssh/app-assets/css-rtl/pages/page-coming-soon.css,DOC,lido,inventário V3
gestorssh/app-assets/css-rtl/pages/app-ecommerce.min.css,DOC,lido,inventário V3
gestorssh/app-assets/css-rtl/pages/app-chat.min.css,DOC,lido,inventário V3
gestorssh/app-assets/css-rtl/pages/page-profile.css,DOC,lido,inventário V3
gestorssh/app-assets/css-rtl/pages/page-coming-soon.min.css,DOC,lido,inventário V3
gestorssh/app-assets/css-rtl/pages/page-knowledge-base.css,DOC,lido,inventário V3
gestorssh/app-assets/css-rtl/pages/app-invoice.css,DOC,lido,inventário V3
gestorssh/app-assets/css-rtl/pages/authentication.css,DOC,lido,inventário V3
gestorssh/app-assets/css-rtl/pages/page-faq.min.css,DOC,lido,inventário V3
gestorssh/app-assets/css-rtl/pages/app-todo.css,DOC,lido,inventário V3
gestorssh/app-assets/css-rtl/pages/app-invoice-print.min.css,DOC,lido,inventário V3
gestorssh/app-assets/css-rtl/pages/app-invoice-print.css,DOC,lido,inventário V3
gestorssh/app-assets/css-rtl/pages/page-profile.min.css,DOC,lido,inventário V3
gestorssh/app-assets/css-rtl/pages/dashboard-ecommerce.min.css,DOC,lido,inventário V3
gestorssh/app-assets/css-rtl/pages/page-blog.css,DOC,lido,inventário V3
gestorssh/app-assets/css-rtl/pages/app-chat-list.css,DOC,lido,inventário V3
gestorssh/app-assets/css-rtl/pages/app-invoice-list.min.css,DOC,lido,inventário V3
gestorssh/app-assets/css-rtl/pages/app-file-manager.css,DOC,lido,inventário V3
gestorssh/app-assets/css-rtl/pages/ui-feather.min.css,DOC,lido,inventário V3
gestorssh/app-assets/css-rtl/pages/authentication.min.css,DOC,lido,inventário V3
gestorssh/app-assets/css-rtl/pages/dashboard-ecommerce.css,DOC,lido,inventário V3
gestorssh/app-assets/css-rtl/pages/app-invoice.min.css,DOC,lido,inventário V3
gestorssh/app-assets/css-rtl/pages/page-pricing.min.css,DOC,lido,inventário V3
gestorssh/app-assets/css-rtl/pages/app-ecommerce-details.min.css,DOC,lido,inventário V3
gestorssh/app-assets/css-rtl/pages/app-email.css,DOC,lido,inventário V3
gestorssh/app-assets/css-rtl/pages/app-ecommerce.css,DOC,lido,inventário V3
gestorssh/app-assets/css-rtl/pages/app-invoice-list.css,DOC,lido,inventário V3
gestorssh/app-assets/css-rtl/pages/app-ecommerce-details.css,DOC,lido,inventário V3
gestorssh/app-assets/css-rtl/pages/page-misc.css,DOC,lido,inventário V3
gestorssh/app-assets/css-rtl/pages/page-knowledge-base.min.css,DOC,lido,inventário V3
gestorssh/app-assets/css-rtl/pages/app-todo.min.css,DOC,lido,inventário V3
gestorssh/app-assets/css-rtl/pages/app-kanban.min.css,DOC,lido,inventário V3
gestorssh/app-assets/css-rtl/pages/app-chat-list.min.css,DOC,lido,inventário V3
gestorssh/app-assets/css-rtl/pages/app-kanban.css,DOC,lido,inventário V3
gestorssh/app-assets/css-rtl/pages/page-faq.css,DOC,lido,inventário V3
gestorssh/app-assets/css-rtl/pages/app-email.min.css,DOC,lido,inventário V3
gestorssh/app-assets/css-rtl/pages/app-calendar.min.css,DOC,lido,inventário V3
gestorssh/app-assets/css-rtl/pages/modal-create-app.min.css,DOC,lido,inventário V3
gestorssh/app-assets/css-rtl/pages/app-calendar.css,DOC,lido,inventário V3
gestorssh/app-assets/css-rtl/core/mixins/hex2rgb.min.css,DOC,lido,inventário V3
gestorssh/app-assets/css-rtl/core/mixins/main-menu-mixin.min.css,DOC,lido,inventário V3
gestorssh/app-assets/css-rtl/core/mixins/hex2rgb.css,DOC,lido,inventário V3
gestorssh/app-assets/css-rtl/core/mixins/alert.css,DOC,lido,inventário V3
gestorssh/app-assets/css-rtl/core/mixins/alert.min.css,DOC,lido,inventário V3
gestorssh/app-assets/css-rtl/core/mixins/transitions.min.css,DOC,lido,inventário V3
gestorssh/app-assets/css-rtl/core/mixins/main-menu-mixin.css,DOC,lido,inventário V3
gestorssh/app-assets/css-rtl/core/mixins/transitions.css,DOC,lido,inventário V3
gestorssh/app-assets/css-rtl/core/colors/palette-gradient.css,DOC,lido,inventário V3
gestorssh/app-assets/css-rtl/core/colors/palette-variables.css,DOC,lido,inventário V3
gestorssh/app-assets/css-rtl/core/colors/palette-noui.css,DOC,lido,inventário V3
gestorssh/app-assets/css-rtl/core/colors/palette-gradient.min.css,DOC,lido,inventário V3
gestorssh/app-assets/css-rtl/core/colors/palette-variables.min.css,DOC,lido,inventário V3
gestorssh/app-assets/css-rtl/core/colors/palette-noui.min.css,DOC,lido,inventário V3
gestorssh/app-assets/css-rtl/core/menu/menu-types/vertical-menu.css,DOC,lido,inventário V3
gestorssh/app-assets/css-rtl/core/menu/menu-types/vertical-overlay-menu.min.css,DOC,lido,inventário V3
gestorssh/app-assets/css-rtl/core/menu/menu-types/horizontal-menu.min.css,DOC,lido,inventário V3
gestorssh/app-assets/css-rtl/core/menu/menu-types/vertical-menu.min.css,DOC,lido,inventário V3
gestorssh/app-assets/css-rtl/core/menu/menu-types/horizontal-menu.css,DOC,lido,inventário V3
gestorssh/app-assets/css-rtl/core/menu/menu-types/vertical-overlay-menu.css,DOC,lido,inventário V3
gestorssh/app-assets/css-rtl/plugins/extensions/ext-component-sliders.css,DOC,lido,inventário V3
gestorssh/app-assets/css-rtl/plugins/extensions/ext-component-tree.min.css,DOC,lido,inventário V3
gestorssh/app-assets/css-rtl/plugins/extensions/ext-component-sweet-alerts.min.css,DOC,lido,inventário V3
gestorssh/app-assets/css-rtl/plugins/extensions/ext-component-ratings.min.css,DOC,lido,inventário V3
gestorssh/app-assets/css-rtl/plugins/extensions/ext-component-toastr.css,DOC,lido,inventário V3
gestorssh/app-assets/css-rtl/plugins/extensions/ext-component-tour.css,DOC,lido,inventário V3
gestorssh/app-assets/css-rtl/plugins/extensions/ext-component-tree.css,DOC,lido,inventário V3
gestorssh/app-assets/css-rtl/plugins/extensions/ext-component-swiper.css,DOC,lido,inventário V3
gestorssh/app-assets/css-rtl/plugins/extensions/ext-component-drag-drop.css,DOC,lido,inventário V3
gestorssh/app-assets/css-rtl/plugins/extensions/ext-component-toastr.min.css,DOC,lido,inventário V3
gestorssh/app-assets/css-rtl/plugins/extensions/ext-component-sliders.min.css,DOC,lido,inventário V3
gestorssh/app-assets/css-rtl/plugins/extensions/ext-component-media-player.min.css,DOC,lido,inventário V3
gestorssh/app-assets/css-rtl/plugins/extensions/ext-component-ratings.css,DOC,lido,inventário V3
gestorssh/app-assets/css-rtl/plugins/extensions/ext-component-drag-drop.min.css,DOC,lido,inventário V3
gestorssh/app-assets/css-rtl/plugins/extensions/ext-component-sweet-alerts.css,DOC,lido,inventário V3
gestorssh/app-assets/css-rtl/plugins/extensions/ext-component-media-player.css,DOC,lido,inventário V3
gestorssh/app-assets/css-rtl/plugins/extensions/ext-component-context-menu.css,DOC,lido,inventário V3
gestorssh/app-assets/css-rtl/plugins/extensions/ext-component-context-menu.min.css,DOC,lido,inventário V3
gestorssh/app-assets/css-rtl/plugins/extensions/ext-component-tour.min.css,DOC,lido,inventário V3
gestorssh/app-assets/css-rtl/plugins/extensions/ext-component-swiper.min.css,DOC,lido,inventário V3
gestorssh/app-assets/css-rtl/plugins/maps/map-leaflet.min.css,DOC,lido,inventário V3
gestorssh/app-assets/css-rtl/plugins/maps/map-leaflet.css,DOC,lido,inventário V3
gestorssh/app-assets/css-rtl/plugins/ui/coming-soon.min.css,DOC,lido,inventário V3
gestorssh/app-assets/css-rtl/plugins/ui/coming-soon.css,DOC,lido,inventário V3
gestorssh/app-assets/css-rtl/plugins/charts/chart-apex.css,DOC,lido,inventário V3
gestorssh/app-assets/css-rtl/plugins/charts/chart-apex.min.css,DOC,lido,inventário V3
gestorssh/app-assets/css-rtl/plugins/forms/form-quill-editor.min.css,DOC,lido,inventário V3
gestorssh/app-assets/css-rtl/plugins/forms/form-file-uploader.min.css,DOC,lido,inventário V3
gestorssh/app-assets/css-rtl/plugins/forms/form-number-input.css,DOC,lido,inventário V3
gestorssh/app-assets/css-rtl/plugins/forms/form-wizard.css,DOC,lido,inventário V3
gestorssh/app-assets/css-rtl/plugins/forms/form-quill-editor.css,DOC,lido,inventário V3
gestorssh/app-assets/css-rtl/plugins/forms/form-file-uploader.css,DOC,lido,inventário V3
gestorssh/app-assets/css-rtl/plugins/forms/form-number-input.min.css,DOC,lido,inventário V3
gestorssh/app-assets/css-rtl/plugins/forms/form-wizard.min.css,DOC,lido,inventário V3
gestorssh/app-assets/css-rtl/plugins/forms/form-validation.css,DOC,lido,inventário V3
gestorssh/app-assets/css-rtl/plugins/forms/form-validation.min.css,DOC,lido,inventário V3
gestorssh/app-assets/css-rtl/plugins/forms/pickers/form-flat-pickr.css,DOC,lido,inventário V3
gestorssh/app-assets/css-rtl/plugins/forms/pickers/form-pickadate.min.css,DOC,lido,inventário V3
gestorssh/app-assets/css-rtl/plugins/forms/pickers/form-flat-pickr.min.css,DOC,lido,inventário V3
gestorssh/app-assets/css-rtl/plugins/forms/pickers/form-pickadate.css,DOC,lido,inventário V3
gestorssh/scripts/assets/jquery.min.js,DOC,lido,inventário V3
gestorssh/scripts/assets/loader.js,DOC,lido,inventário V3
gestorssh/scripts/assets/modernizr.min.js,DOC,lido,inventário V3
gestorssh/scripts/update/remover.sh,OPS,lido,inventário V3
gestorssh/scripts/update/usuarios.db,DOC,lido,inventário V3
gestorssh/scripts/update/usuarios.db.1,DOC,lido,inventário V3
gestorssh/scripts/update/criarusuario.sh,OPS,lido,inventário V3
gestorssh/scripts/update/AlterarSenha.sh,OPS,lido,inventário V3
gestorssh/scripts/update/KillUser.sh,OPS,lido,inventário V3
gestorssh/scripts/update/alterarlimite.sh,OPS,lido,inventário V3
gestorssh/scripts/update/sshmonitor.sh,OPS,lido,inventário V3
gestorssh/assetsc/img/signin.svg,DOC,lido,inventário V3
gestorssh/assetsc/js/jquery.min.js,DOC,lido,inventário V3
gestorssh/assetsc/js/volt.js,DOC,lido,inventário V3
gestorssh/assetsc/js/popper.min.js,DOC,lido,inventário V3
gestorssh/assetsc/css/style.css,DOC,lido,inventário V3
gestorssh/assetsc/css/volt.css.map,DOC,lido,inventário V3
gestorssh/assetsc/css/volt.css,DOC,lido,inventário V3
gestorssh/assetsc/css/bootstrap.min.css,DOC,lido,inventário V3
gestorssh/assetsc/vendor/.DS_Store,DOC,lido,inventário V3
gestorssh/assetsc/vendor/waypoints/testem.json,DOC,lido,inventário V3
gestorssh/assetsc/vendor/waypoints/licenses.txt,DOC,lido,inventário V3
gestorssh/assetsc/vendor/sass/sass.dart.js,DOC,lido,inventário V3
gestorssh/assetsc/vendor/sass/sass.js,DOC,lido,inventário V3
gestorssh/assetsc/vendor/sass/sass.default.dart.js,DOC,lido,inventário V3
gestorssh/assetsc/vendor/notyf/notyf.min.css,DOC,lido,inventário V3
gestorssh/assetsc/vendor/notyf/notyf.min.js,DOC,lido,inventário V3
gestorssh/assetsc/vendor/notyf/notyf.es.js,DOC,lido,inventário V3
gestorssh/assetsc/vendor/notyf/notyf.umd.js,DOC,lido,inventário V3
gestorssh/assetsc/vendor/nouislider/dist/nouislider.mjs,DOC,lido,inventário V3
gestorssh/assetsc/vendor/nouislider/dist/nouislider.min.mjs,DOC,lido,inventário V3
gestorssh/assetsc/vendor/nouislider/dist/nouislider.min.css,DOC,lido,inventário V3
gestorssh/assetsc/vendor/nouislider/dist/nouislider.min.js,DOC,lido,inventário V3
gestorssh/assetsc/vendor/bootstrap/dist/js/bootstrap.min.js,DOC,lido,inventário V3
gestorssh/assetsc/vendor/bootstrap/dist/js/bootstrap.bundle.min.js,DOC,lido,inventário V3
gestorssh/assetsc/vendor/bootstrap/dist/js/bootstrap.esm.min.js,DOC,lido,inventário V3
gestorssh/assetsc/vendor/bootstrap/dist/css/bootstrap-reboot.min.css,DOC,lido,inventário V3
gestorssh/assetsc/vendor/bootstrap/dist/css/bootstrap-grid.min.css,DOC,lido,inventário V3
gestorssh/assetsc/vendor/bootstrap/dist/css/bootstrap.rtl.min.css,DOC,lido,inventário V3
gestorssh/assetsc/vendor/bootstrap/dist/css/bootstrap-reboot.rtl.min.css,DOC,lido,inventário V3
gestorssh/assetsc/vendor/bootstrap/dist/css/bootstrap-grid.rtl.min.css,DOC,lido,inventário V3
gestorssh/assetsc/vendor/bootstrap/dist/css/bootstrap-utilities.rtl.min.css,DOC,lido,inventário V3
gestorssh/assetsc/vendor/bootstrap/dist/css/bootstrap.min.css,DOC,lido,inventário V3
gestorssh/assetsc/vendor/bootstrap/dist/css/bootstrap-utilities.min.css,DOC,lido,inventário V3
gestorssh/assetsc/vendor/onscreen/dist/index.js,DOC,lido,inventário V3
gestorssh/assetsc/vendor/onscreen/dist/on-screen.es6.js,DOC,lido,inventário V3
gestorssh/assetsc/vendor/onscreen/dist/on-screen.umd.min.js,DOC,lido,inventário V3
gestorssh/assetsc/vendor/vanillajs-datepicker/dist/js/datepicker-full.min.js,DOC,lido,inventário V3
gestorssh/assetsc/vendor/vanillajs-datepicker/dist/js/datepicker.min.js,DOC,lido,inventário V3
gestorssh/assetsc/vendor/vanillajs-datepicker/dist/css/datepicker-bs5.min.css,DOC,lido,inventário V3
gestorssh/assetsc/vendor/vanillajs-datepicker/dist/css/datepicker-bulma.min.css,DOC,lido,inventário V3
gestorssh/assetsc/vendor/vanillajs-datepicker/dist/css/datepicker-bs4.min.css,DOC,lido,inventário V3
gestorssh/assetsc/vendor/vanillajs-datepicker/dist/css/datepicker-foundation.min.css,DOC,lido,inventário V3
gestorssh/assetsc/vendor/vanillajs-datepicker/dist/css/datepicker.min.css,DOC,lido,inventário V3
gestorssh/assetsc/vendor/vanillajs-datepicker/dist/js/locales/ar-tn.js,DOC,lido,inventário V3
gestorssh/assetsc/vendor/vanillajs-datepicker/dist/js/locales/lv.js,DOC,lido,inventário V3
gestorssh/assetsc/vendor/vanillajs-datepicker/dist/js/locales/pl.js,DOC,lido,inventário V3
gestorssh/assetsc/vendor/vanillajs-datepicker/dist/js/locales/eo.js,DOC,lido,inventário V3
gestorssh/assetsc/vendor/vanillajs-datepicker/dist/js/locales/nl.js,DOC,lido,inventário V3
gestorssh/assetsc/vendor/vanillajs-datepicker/dist/js/locales/bs.js,DOC,lido,inventário V3
gestorssh/assetsc/vendor/vanillajs-datepicker/dist/js/locales/sv.js,DOC,lido,inventário V3
gestorssh/assetsc/vendor/vanillajs-datepicker/dist/js/locales/tr.js,DOC,lido,inventário V3
gestorssh/assetsc/vendor/vanillajs-datepicker/dist/js/locales/id.js,DOC,lido,inventário V3
gestorssh/assetsc/vendor/vanillajs-datepicker/dist/js/locales/en-ZA.js,DOC,lido,inventário V3
gestorssh/assetsc/vendor/vanillajs-datepicker/dist/js/locales/gl.js,DOC,lido,inventário V3
gestorssh/assetsc/vendor/vanillajs-datepicker/dist/js/locales/hr.js,DOC,lido,inventário V3
gestorssh/assetsc/vendor/vanillajs-datepicker/dist/js/locales/pt.js,DOC,lido,inventário V3
gestorssh/assetsc/vendor/vanillajs-datepicker/dist/js/locales/he.js,DOC,lido,inventário V3
gestorssh/assetsc/vendor/vanillajs-datepicker/dist/js/locales/it-CH.js,DOC,lido,inventário V3
gestorssh/assetsc/vendor/vanillajs-datepicker/dist/js/locales/fr-CH.js,DOC,lido,inventário V3
gestorssh/assetsc/vendor/vanillajs-datepicker/dist/js/locales/ar-DZ.js,DOC,lido,inventário V3
gestorssh/assetsc/vendor/vanillajs-datepicker/dist/js/locales/mk.js,DOC,lido,inventário V3
gestorssh/assetsc/vendor/vanillajs-datepicker/dist/js/locales/vi.js,DOC,lido,inventário V3
gestorssh/assetsc/vendor/vanillajs-datepicker/dist/js/locales/fr.js,DOC,lido,inventário V3
gestorssh/assetsc/vendor/vanillajs-datepicker/dist/js/locales/uz-cyrl.js,DOC,lido,inventário V3
gestorssh/assetsc/vendor/vanillajs-datepicker/dist/js/locales/ro.js,DOC,lido,inventário V3
gestorssh/assetsc/vendor/vanillajs-datepicker/dist/js/locales/kk.js,DOC,lido,inventário V3
gestorssh/assetsc/vendor/vanillajs-datepicker/dist/js/locales/hi.js,DOC,lido,inventário V3
gestorssh/assetsc/vendor/vanillajs-datepicker/dist/js/locales/de.js,DOC,lido,inventário V3
gestorssh/assetsc/vendor/vanillajs-datepicker/dist/js/locales/mn.js,DOC,lido,inventário V3
gestorssh/assetsc/vendor/vanillajs-datepicker/dist/js/locales/me.js,DOC,lido,inventário V3
gestorssh/assetsc/vendor/vanillajs-datepicker/dist/js/locales/es.js,DOC,lido,inventário V3
gestorssh/assetsc/vendor/vanillajs-datepicker/dist/js/locales/lt.js,DOC,lido,inventário V3
gestorssh/assetsc/vendor/vanillajs-datepicker/dist/js/locales/uz-latn.js,DOC,lido,inventário V3
gestorssh/assetsc/vendor/vanillajs-datepicker/dist/js/locales/ar.js,DOC,lido,inventário V3
gestorssh/assetsc/vendor/vanillajs-datepicker/dist/js/locales/is.js,DOC,lido,inventário V3
gestorssh/assetsc/vendor/vanillajs-datepicker/dist/js/locales/en-NZ.js,DOC,lido,inventário V3
gestorssh/assetsc/vendor/vanillajs-datepicker/dist/js/locales/fo.js,DOC,lido,inventário V3
gestorssh/assetsc/vendor/vanillajs-datepicker/dist/js/locales/zh-TW.js,DOC,lido,inventário V3
gestorssh/assetsc/vendor/vanillajs-datepicker/dist/js/locales/tk.js,DOC,lido,inventário V3
gestorssh/assetsc/vendor/vanillajs-datepicker/dist/js/locales/en-AU.js,DOC,lido,inventário V3
gestorssh/assetsc/vendor/vanillajs-datepicker/dist/js/locales/az.js,DOC,lido,inventário V3
gestorssh/assetsc/vendor/vanillajs-datepicker/dist/js/locales/bn.js,DOC,lido,inventário V3
gestorssh/assetsc/vendor/vanillajs-datepicker/dist/js/locales/ca.js,DOC,lido,inventário V3
gestorssh/assetsc/vendor/vanillajs-datepicker/dist/js/locales/sl.js,DOC,lido,inventário V3
gestorssh/assetsc/vendor/vanillajs-datepicker/dist/js/locales/et.js,DOC,lido,inventário V3
gestorssh/assetsc/vendor/vanillajs-datepicker/dist/js/locales/tg.js,DOC,lido,inventário V3
gestorssh/assetsc/vendor/vanillajs-datepicker/dist/js/locales/bg.js,DOC,lido,inventário V3
gestorssh/assetsc/vendor/vanillajs-datepicker/dist/js/locales/no.js,DOC,lido,inventário V3
gestorssh/assetsc/vendor/vanillajs-datepicker/dist/js/locales/fa.js,DOC,lido,inventário V3
gestorssh/assetsc/vendor/vanillajs-datepicker/dist/js/locales/hy.js,DOC,lido,inventário V3
gestorssh/assetsc/vendor/vanillajs-datepicker/dist/js/locales/si.js,DOC,lido,inventário V3
gestorssh/assetsc/vendor/vanillajs-datepicker/dist/js/locales/cs.js,DOC,lido,inventário V3
gestorssh/assetsc/vendor/vanillajs-datepicker/dist/js/locales/eu.js,DOC,lido,inventário V3
gestorssh/assetsc/vendor/vanillajs-datepicker/dist/js/locales/hu.js,DOC,lido,inventário V3
gestorssh/assetsc/vendor/vanillajs-datepicker/dist/js/locales/cy.js,DOC,lido,inventário V3
gestorssh/assetsc/vendor/vanillajs-datepicker/dist/js/locales/sr.js,DOC,lido,inventário V3
gestorssh/assetsc/vendor/vanillajs-datepicker/dist/js/locales/br.js,DOC,lido,inventário V3
gestorssh/assetsc/vendor/vanillajs-datepicker/dist/js/locales/en-IE.js,DOC,lido,inventário V3
gestorssh/assetsc/vendor/vanillajs-datepicker/dist/js/locales/ko.js,DOC,lido,inventário V3
gestorssh/assetsc/vendor/vanillajs-datepicker/dist/js/locales/el.js,DOC,lido,inventário V3
gestorssh/assetsc/vendor/vanillajs-datepicker/dist/js/locales/th.js,DOC,lido,inventário V3
gestorssh/assetsc/vendor/vanillajs-datepicker/dist/js/locales/ta.js,DOC,lido,inventário V3
gestorssh/assetsc/vendor/vanillajs-datepicker/dist/js/locales/en-CA.js,DOC,lido,inventário V3
gestorssh/assetsc/vendor/vanillajs-datepicker/dist/js/locales/ja.js,DOC,lido,inventário V3
gestorssh/assetsc/vendor/vanillajs-datepicker/dist/js/locales/nl-BE.js,DOC,lido,inventário V3
gestorssh/assetsc/vendor/vanillajs-datepicker/dist/js/locales/zh-CN.js,DOC,lido,inventário V3
gestorssh/assetsc/vendor/vanillajs-datepicker/dist/js/locales/pt-BR.js,DOC,lido,inventário V3
gestorssh/assetsc/vendor/vanillajs-datepicker/dist/js/locales/sr-latn.js,DOC,lido,inventário V3
gestorssh/assetsc/vendor/vanillajs-datepicker/dist/js/locales/it.js,DOC,lido,inventário V3
gestorssh/assetsc/vendor/vanillajs-datepicker/dist/js/locales/ms.js,DOC,lido,inventário V3
gestorssh/assetsc/vendor/vanillajs-datepicker/dist/js/locales/da.js,DOC,lido,inventário V3
gestorssh/assetsc/vendor/vanillajs-datepicker/dist/js/locales/ka.js,DOC,lido,inventário V3
gestorssh/assetsc/vendor/vanillajs-datepicker/dist/js/locales/sk.js,DOC,lido,inventário V3
gestorssh/assetsc/vendor/vanillajs-datepicker/dist/js/locales/en-GB.js,DOC,lido,inventário V3
gestorssh/assetsc/vendor/vanillajs-datepicker/dist/js/locales/km.js,DOC,lido,inventário V3
gestorssh/assetsc/vendor/vanillajs-datepicker/dist/js/locales/sw.js,DOC,lido,inventário V3
gestorssh/assetsc/vendor/vanillajs-datepicker/dist/js/locales/fi.js,DOC,lido,inventário V3
gestorssh/assetsc/vendor/vanillajs-datepicker/dist/js/locales/mr.js,DOC,lido,inventário V3
gestorssh/assetsc/vendor/vanillajs-datepicker/dist/js/locales/sq.js,DOC,lido,inventário V3
gestorssh/assetsc/vendor/vanillajs-datepicker/dist/js/locales/ru.js,DOC,lido,inventário V3
gestorssh/assetsc/vendor/vanillajs-datepicker/dist/js/locales/uk.js,DOC,lido,inventário V3
gestorssh/assetsc/vendor/vanillajs-datepicker/dist/js/locales/oc.js,DOC,lido,inventário V3
gestorssh/assetsc/vendor/vanillajs-datepicker/dist/js/locales/bm.js,DOC,lido,inventário V3
gestorssh/assetsc/vendor/smooth-scroll/dist/smooth-scroll.min.js,DOC,lido,inventário V3
gestorssh/assetsc/vendor/smooth-scroll/dist/smooth-scroll.polyfills.min.js,DOC,lido,inventário V3
gestorssh/assetsc/vendor/chartist/dist/chartist.min.js,DOC,lido,inventário V3
gestorssh/assetsc/vendor/chartist/dist/chartist.min.css,DOC,lido,inventário V3
gestorssh/assetsc/vendor/sass/node_modules/immutable/dist/immutable.min.js,DOC,lido,inventário V3
gestorssh/assetsc/vendor/sass/node_modules/immutable/dist/immutable.es.js,DOC,lido,inventário V3
gestorssh/assetsc/vendor/sass/node_modules/immutable/dist/immutable.js.flow,DOC,lido,inventário V3
gestorssh/assetsc/vendor/@popperjs/core/dist/esm/popper-lite.js,DOC,lido,inventário V3
gestorssh/assetsc/vendor/@popperjs/core/dist/esm/index.js,DOC,lido,inventário V3
gestorssh/assetsc/vendor/@popperjs/core/dist/esm/enums.js,DOC,lido,inventário V3
gestorssh/assetsc/vendor/@popperjs/core/dist/esm/types.js,DOC,lido,inventário V3
gestorssh/assetsc/vendor/@popperjs/core/dist/esm/popper-base.js,DOC,lido,inventário V3
gestorssh/assetsc/vendor/@popperjs/core/dist/esm/createPopper.js,DOC,lido,inventário V3
gestorssh/assetsc/vendor/@popperjs/core/dist/esm/popper.js,DOC,lido,inventário V3
gestorssh/assetsc/vendor/@popperjs/core/dist/umd/popper-base.min.js.flow,DOC,lido,inventário V3
gestorssh/assetsc/vendor/@popperjs/core/dist/umd/popper-lite.min.js.flow,DOC,lido,inventário V3
gestorssh/assetsc/vendor/@popperjs/core/dist/umd/enums.min.js,DOC,lido,inventário V3
gestorssh/assetsc/vendor/@popperjs/core/dist/umd/popper.min.js.flow,DOC,lido,inventário V3
gestorssh/assetsc/vendor/@popperjs/core/dist/umd/popper-base.min.js,DOC,lido,inventário V3
gestorssh/assetsc/vendor/@popperjs/core/dist/umd/popper-lite.min.js,DOC,lido,inventário V3
gestorssh/assetsc/vendor/@popperjs/core/dist/umd/popper.min.js,DOC,lido,inventário V3
gestorssh/assetsc/vendor/@popperjs/core/dist/umd/enums.min.js.flow,DOC,lido,inventário V3
gestorssh/assetsc/vendor/@popperjs/core/dist/cjs/popper-lite.js,DOC,lido,inventário V3
gestorssh/assetsc/vendor/@popperjs/core/dist/cjs/enums.js,DOC,lido,inventário V3
gestorssh/assetsc/vendor/@popperjs/core/dist/cjs/popper-base.js,DOC,lido,inventário V3
gestorssh/assetsc/vendor/@popperjs/core/dist/cjs/popper-base.js.flow,DOC,lido,inventário V3
gestorssh/assetsc/vendor/@popperjs/core/dist/cjs/popper-lite.js.flow,DOC,lido,inventário V3
gestorssh/assetsc/vendor/@popperjs/core/dist/cjs/popper.js.flow,DOC,lido,inventário V3
gestorssh/assetsc/vendor/@popperjs/core/dist/cjs/popper.js,DOC,lido,inventário V3
gestorssh/assetsc/vendor/@popperjs/core/dist/cjs/enums.js.flow,DOC,lido,inventário V3
gestorssh/assetsc/vendor/@popperjs/core/dist/esm/modifiers/popperOffsets.js,DOC,lido,inventário V3
gestorssh/assetsc/vendor/@popperjs/core/dist/esm/modifiers/offset.js,DOC,lido,inventário V3
gestorssh/assetsc/vendor/@popperjs/core/dist/esm/modifiers/preventOverflow.js,DOC,lido,inventário V3
gestorssh/assetsc/vendor/@popperjs/core/dist/esm/modifiers/index.js,DOC,lido,inventário V3
gestorssh/assetsc/vendor/@popperjs/core/dist/esm/modifiers/flip.js,DOC,lido,inventário V3
gestorssh/assetsc/vendor/@popperjs/core/dist/esm/modifiers/computeStyles.js,DOC,lido,inventário V3
gestorssh/assetsc/vendor/@popperjs/core/dist/esm/modifiers/applyStyles.js,DOC,lido,inventário V3
gestorssh/assetsc/vendor/@popperjs/core/dist/esm/modifiers/hide.js,DOC,lido,inventário V3
gestorssh/assetsc/vendor/@popperjs/core/dist/esm/modifiers/eventListeners.js,DOC,lido,inventário V3
gestorssh/assetsc/vendor/@popperjs/core/dist/esm/modifiers/arrow.js,DOC,lido,inventário V3
gestorssh/assetsc/vendor/@popperjs/core/dist/esm/utils/getOppositeVariationPlacement.js,DOC,lido,inventário V3
gestorssh/assetsc/vendor/@popperjs/core/dist/esm/utils/getFreshSideObject.js,DOC,lido,inventário V3
gestorssh/assetsc/vendor/@popperjs/core/dist/esm/utils/getVariation.js,DOC,lido,inventário V3
gestorssh/assetsc/vendor/@popperjs/core/dist/esm/utils/orderModifiers.js,DOC,lido,inventário V3
gestorssh/assetsc/vendor/@popperjs/core/dist/esm/utils/format.js,DOC,lido,inventário V3
gestorssh/assetsc/vendor/@popperjs/core/dist/esm/utils/computeAutoPlacement.js,DOC,lido,inventário V3
gestorssh/assetsc/vendor/@popperjs/core/dist/esm/utils/getAltAxis.js,DOC,lido,inventário V3
gestorssh/assetsc/vendor/@popperjs/core/dist/esm/utils/computeOffsets.js,DOC,lido,inventário V3
gestorssh/assetsc/vendor/@popperjs/core/dist/esm/utils/mergePaddingObject.js,DOC,lido,inventário V3
gestorssh/assetsc/vendor/@popperjs/core/dist/esm/utils/within.js,DOC,lido,inventário V3
gestorssh/assetsc/vendor/@popperjs/core/dist/esm/utils/uniqueBy.js,DOC,lido,inventário V3
gestorssh/assetsc/vendor/@popperjs/core/dist/esm/utils/detectOverflow.js,DOC,lido,inventário V3
gestorssh/assetsc/vendor/@popperjs/core/dist/esm/utils/getAltLen.js,DOC,lido,inventário V3
gestorssh/assetsc/vendor/@popperjs/core/dist/esm/utils/rectToClientRect.js,DOC,lido,inventário V3
gestorssh/assetsc/vendor/@popperjs/core/dist/esm/utils/getBasePlacement.js,DOC,lido,inventário V3
gestorssh/assetsc/vendor/@popperjs/core/dist/esm/utils/mergeByName.js,DOC,lido,inventário V3
gestorssh/assetsc/vendor/@popperjs/core/dist/esm/utils/validateModifiers.js,DOC,lido,inventário V3
gestorssh/assetsc/vendor/@popperjs/core/dist/esm/utils/getMainAxisFromPlacement.js,DOC,lido,inventário V3
gestorssh/assetsc/vendor/@popperjs/core/dist/esm/utils/getOppositePlacement.js,DOC,lido,inventário V3
gestorssh/assetsc/vendor/@popperjs/core/dist/esm/utils/debounce.js,DOC,lido,inventário V3
gestorssh/assetsc/vendor/@popperjs/core/dist/esm/utils/math.js,DOC,lido,inventário V3
gestorssh/assetsc/vendor/@popperjs/core/dist/esm/utils/expandToHashMap.js,DOC,lido,inventário V3
gestorssh/assetsc/vendor/@popperjs/core/dist/esm/dom-utils/getWindow.js,DOC,lido,inventário V3
gestorssh/assetsc/vendor/@popperjs/core/dist/esm/dom-utils/instanceOf.js,DOC,lido,inventário V3
gestorssh/assetsc/vendor/@popperjs/core/dist/esm/dom-utils/getComputedStyle.js,DOC,lido,inventário V3
gestorssh/assetsc/vendor/@popperjs/core/dist/esm/dom-utils/getDocumentRect.js,DOC,lido,inventário V3
gestorssh/assetsc/vendor/@popperjs/core/dist/esm/dom-utils/getHTMLElementScroll.js,DOC,lido,inventário V3
gestorssh/assetsc/vendor/@popperjs/core/dist/esm/dom-utils/getWindowScroll.js,DOC,lido,inventário V3
gestorssh/assetsc/vendor/@popperjs/core/dist/esm/dom-utils/getViewportRect.js,DOC,lido,inventário V3
gestorssh/assetsc/vendor/@popperjs/core/dist/esm/dom-utils/getBoundingClientRect.js,DOC,lido,inventário V3
gestorssh/assetsc/vendor/@popperjs/core/dist/esm/dom-utils/getScrollParent.js,DOC,lido,inventário V3
gestorssh/assetsc/vendor/@popperjs/core/dist/esm/dom-utils/getOffsetParent.js,DOC,lido,inventário V3
gestorssh/assetsc/vendor/@popperjs/core/dist/esm/dom-utils/listScrollParents.js,DOC,lido,inventário V3
gestorssh/assetsc/vendor/@popperjs/core/dist/esm/dom-utils/isScrollParent.js,DOC,lido,inventário V3
gestorssh/assetsc/vendor/@popperjs/core/dist/esm/dom-utils/getWindowScrollBarX.js,DOC,lido,inventário V3
gestorssh/assetsc/vendor/@popperjs/core/dist/esm/dom-utils/getClippingRect.js,DOC,lido,inventário V3
gestorssh/assetsc/vendor/@popperjs/core/dist/esm/dom-utils/getDocumentElement.js,DOC,lido,inventário V3
gestorssh/assetsc/vendor/@popperjs/core/dist/esm/dom-utils/contains.js,DOC,lido,inventário V3
gestorssh/assetsc/vendor/@popperjs/core/dist/esm/dom-utils/getCompositeRect.js,DOC,lido,inventário V3
gestorssh/assetsc/vendor/@popperjs/core/dist/esm/dom-utils/isTableElement.js,DOC,lido,inventário V3
gestorssh/assetsc/vendor/@popperjs/core/dist/esm/dom-utils/getNodeScroll.js,DOC,lido,inventário V3
gestorssh/assetsc/vendor/@popperjs/core/dist/esm/dom-utils/getParentNode.js,DOC,lido,inventário V3
gestorssh/assetsc/vendor/@popperjs/core/dist/esm/dom-utils/getLayoutRect.js,DOC,lido,inventário V3
gestorssh/assetsc/vendor/@popperjs/core/dist/esm/dom-utils/getNodeName.js,DOC,lido,inventário V3
gestorssh/assetsc/vendor/simplebar/dist/simplebar.umd.js,DOC,lido,inventário V3
gestorssh/assetsc/vendor/simplebar/dist/simplebar.esm.js,DOC,lido,inventário V3
gestorssh/assetsc/vendor/simplebar/dist/simplebar.min.css,DOC,lido,inventário V3
gestorssh/assetsc/vendor/simplebar/dist/simplebar.min.js,DOC,lido,inventário V3
gestorssh/assetsc/vendor/simplebar/dist/simplebar-core.esm.js,DOC,lido,inventário V3
gestorssh/assetsc/vendor/chartist-plugin-tooltips/dist/chartist-plugin-tooltip.css,DOC,lido,inventário V3
gestorssh/assetsc/vendor/chartist-plugin-tooltips/dist/chartist-plugin-tooltip.min.js,DOC,lido,inventário V3
gestorssh/assetsc/vendor/sweetalert2/dist/sweetalert2.min.js,DOC,lido,inventário V3
gestorssh/assetsc/vendor/sweetalert2/dist/sweetalert2.min.css,DOC,lido,inventário V3
gestorssh/assetsc/vendor/sweetalert2/dist/sweetalert2.all.min.js,DOC,lido,inventário V3
gestorssh/assetsc/vendor/waypoints/lib/noframework.waypoints.min.js,DOC,lido,inventário V3
gestorssh/assetsc/vendor/waypoints/lib/jquery.waypoints.min.js,DOC,lido,inventário V3
gestorssh/assetsc/vendor/waypoints/lib/zepto.waypoints.min.js,DOC,lido,inventário V3
gestorssh/assetsc/vendor/waypoints/lib/waypoints.debug.js,DOC,lido,inventário V3
gestorssh/assetsc/vendor/waypoints/lib/shortcuts/inview.min.js,DOC,lido,inventário V3
gestorssh/assetsc/vendor/waypoints/lib/shortcuts/infinite.min.js,DOC,lido,inventário V3
gestorssh/assetsc/vendor/waypoints/lib/shortcuts/sticky.min.js,DOC,lido,inventário V3
gestorssh/appss/img/giphy.gif,DOC,lido,inventário V3
gestorssh/appss/img/index.html,DOC,lido,inventário V3
gestorssh/appss/css/app.min.css,DOC,lido,inventário V3
gestorssh/appss/css/icons.min.css,DOC,lido,inventário V3
gestorssh/appss/css/index.html,DOC,lido,inventário V3
gestorssh/appss/css/bootstrap.min.css,DOC,lido,inventário V3
gestorssh/phpmailer/docs/extending.html,DOC,lido,inventário V3
gestorssh/phpmailer/docs/faq.html,DOC,lido,inventário V3
gestorssh/phpmailer/docs/pop3_article.txt,DOC,lido,inventário V3
gestorssh/phpmailer/docs/Callback_function_notes.txt,DOC,lido,inventário V3
gestorssh/phpmailer/docs/Note_for_SMTP_debugging.txt,DOC,lido,inventário V3
gestorssh/phpmailer/docs/DomainKeys_notes.txt,DOC,lido,inventário V3
gestorssh/phpmailer/docs/use_gmail.txt,DOC,lido,inventário V3
gestorssh/phpmailer/language/phpmailer.lang-zh.php,SEG,lido,inventário V3
gestorssh/phpmailer/language/phpmailer.lang-dk.php,SEG,lido,inventário V3
gestorssh/phpmailer/language/phpmailer.lang-se.php,SEG,lido,inventário V3
gestorssh/phpmailer/language/phpmailer.lang-tr.php,SEG,lido,inventário V3
gestorssh/phpmailer/language/phpmailer.lang-zh_cn.php,SEG,lido,inventário V3
gestorssh/phpmailer/language/phpmailer.lang-ru.php,SEG,lido,inventário V3
gestorssh/phpmailer/language/phpmailer.lang-no.php,SEG,lido,inventário V3
gestorssh/phpmailer/language/phpmailer.lang-es.php,SEG,lido,inventário V3
gestorssh/phpmailer/language/phpmailer.lang-nl.php,SEG,lido,inventário V3
gestorssh/phpmailer/language/phpmailer.lang-it.php,SEG,lido,inventário V3
gestorssh/phpmailer/language/phpmailer.lang-fr.php,SEG,lido,inventário V3
gestorssh/phpmailer/language/phpmailer.lang-fi.php,SEG,lido,inventário V3
gestorssh/phpmailer/language/phpmailer.lang-br.php,SEG,lido,inventário V3
gestorssh/phpmailer/language/phpmailer.lang-ch.php,SEG,lido,inventário V3
gestorssh/phpmailer/language/phpmailer.lang-ar.php,SEG,lido,inventário V3
gestorssh/phpmailer/language/phpmailer.lang-ca.php,SEG,lido,inventário V3
gestorssh/phpmailer/language/phpmailer.lang-cz.php,SEG,lido,inventário V3
gestorssh/phpmailer/language/phpmailer.lang-pl.php,SEG,lido,inventário V3
gestorssh/phpmailer/language/phpmailer.lang-et.php,SEG,lido,inventário V3
gestorssh/phpmailer/language/phpmailer.lang-ro.php,SEG,lido,inventário V3
gestorssh/phpmailer/language/phpmailer.lang-ja.php,SEG,lido,inventário V3
gestorssh/phpmailer/language/phpmailer.lang-de.php,SEG,lido,inventário V3
gestorssh/phpmailer/language/phpmailer.lang-fo.php,SEG,lido,inventário V3
gestorssh/phpmailer/language/phpmailer.lang-hu.php,SEG,lido,inventário V3
gestorssh/pages/subrevenda/adicionar.php,SEG,lido,inventário V3
gestorssh/pages/subrevenda/criafatura_subrv.php,SEG,lido,inventário V3
gestorssh/pages/subrevenda/addservidor_exe.php,SEG,lido,inventário V3
gestorssh/pages/subrevenda/revendedores.php,SEG,lido,inventário V3
gestorssh/pages/subrevenda/editar_acesso.php,SEG,lido,inventário V3
gestorssh/pages/subrevenda/index.html,DOC,lido,inventário V3
gestorssh/pages/subrevenda/deletarservidor_exe.php,SEG,lido,inventário V3
gestorssh/pages/subrevenda/criafatura_subaloc.php,SEG,lido,inventário V3
gestorssh/pages/subrevenda/alocados.php,SEG,lido,inventário V3
gestorssh/pages/admin/alterar.php,SEG,lido,inventário V3
gestorssh/pages/admin/dados.php,SEG,lido,inventário V3
gestorssh/pages/admin/senha.php,SEG,lido,inventário V3
gestorssh/pages/admin/index.html,DOC,lido,inventário V3
gestorssh/pages/ssh/adicionar.php,SEG,lido,inventário V3
gestorssh/pages/ssh/criafatura_ssh.php,SEG,lido,inventário V3
gestorssh/pages/ssh/online.php,SEG,lido,inventário V3
gestorssh/pages/ssh/add_teste.php,SEG,lido,inventário V3
gestorssh/pages/ssh/index.html,DOC,lido,inventário V3
gestorssh/pages/ssh/contas.php,SEG,lido,inventário V3
gestorssh/pages/ssh/online_home.php,SEG,lido,inventário V3
gestorssh/pages/ssh/editar.php,SEG,lido,inventário V3
gestorssh/pages/chamadosclientes/abertas.php,SEG,lido,inventário V3
gestorssh/pages/chamadosclientes/deletar_chamado.php,SEG,lido,inventário V3
gestorssh/pages/chamadosclientes/encerrados.php,SEG,lido,inventário V3
gestorssh/pages/chamadosclientes/index.html,DOC,lido,inventário V3
gestorssh/pages/chamadosclientes/encerrar_chamado.php,SEG,lido,inventário V3
gestorssh/pages/chamadosclientes/responder_chamado.php,SEG,lido,inventário V3
gestorssh/pages/chamadosclientes/respondidos.php,SEG,lido,inventário V3
gestorssh/pages/faturas/abertas.php,SEG,lido,inventário V3
gestorssh/pages/faturas/canceladas.php,SEG,lido,inventário V3
gestorssh/pages/faturas/index.php,SEG,lido,inventário V3
gestorssh/pages/faturas/pagas.php,SEG,lido,inventário V3
gestorssh/pages/faturas/cpfechados.php,SEG,lido,inventário V3
gestorssh/pages/faturas/confirmar.php,SEG,lido,inventário V3
gestorssh/pages/faturas/verfatura.php,SEG,lido,inventário V3
gestorssh/pages/faturas/comprovantes.php,SEG,lido,inventário V3
gestorssh/pages/faturas/confirmando.php,SEG,lido,inventário V3
gestorssh/pages/email/enviandoemail.php,SEG,lido,inventário V3
gestorssh/pages/email/enviaremail.php,SEG,lido,inventário V3
gestorssh/pages/email/1etapasmtp.php,SEG,lido,inventário V3
gestorssh/pages/email/configurasmtp.php,SEG,lido,inventário V3
gestorssh/pages/bandeiras/BR.png,DOC,lido,inventário V3
gestorssh/pages/bandeiras/US.png,DOC,lido,inventário V3
gestorssh/pages/bandeiras/SG.png,DOC,lido,inventário V3
gestorssh/pages/bandeiras/CA.png,DOC,lido,inventário V3
gestorssh/pages/system/hist.online.php,SEG,lido,inventário V3
gestorssh/pages/system/funcoes.conta.ssh.php,SEG,lido,inventário V3
gestorssh/pages/system/conta.ssh.php,SEG,lido,inventário V3
gestorssh/pages/system/cron.rev.php,SEG,lido,inventário V3
gestorssh/pages/system/erros.php,SEG,lido,inventário V3
gestorssh/pages/system/config.php,SEG,lido,inventário V3
gestorssh/pages/system/cron.autobackup.sh,OPS,lido,inventário V3
gestorssh/pages/system/conta.ssh2.php,SEG,lido,inventário V3
gestorssh/pages/system/funcoes.usuario.php,SEG,lido,inventário V3
gestorssh/pages/system/cron.backup.php,SEG,lido,inventário V3
gestorssh/pages/system/cron.backup.sh,OPS,lido,inventário V3
gestorssh/pages/system/cron.limpeza.php,SEG,lido,inventário V3
gestorssh/pages/system/cron.ssh.teste.php,SEG,lido,inventário V3
gestorssh/pages/system/pass.php,SEG,lido,inventário V3
gestorssh/pages/system/index.html,DOC,lido,inventário V3
gestorssh/pages/system/funcoes.php,SEG,lido,inventário V3
gestorssh/pages/system/cron.php,SEG,lido,inventário V3
gestorssh/pages/system/classe.ssh.php,SEG,lido,inventário V3
gestorssh/pages/system/seguranca.php,SEG,lido,inventário V3
gestorssh/pages/system/cron.ssh.php,SEG,lido,inventário V3
gestorssh/pages/system/date.php,SEG,lido,inventário V3
gestorssh/pages/system/funcoes.system.php,SEG,lido,inventário V3
gestorssh/pages/system/conecta.php,SEG,lido,inventário V3
gestorssh/pages/system/cron.sms.php,SEG,lido,inventário V3
gestorssh/pages/system/cron.servidor.php,SEG,lido,inventário V3
gestorssh/pages/system/cron.online.ssh.php,SEG,lido,inventário V3
gestorssh/pages/system/cron.userteste.sh,OPS,lido,inventário V3
gestorssh/pages/notificacoes/notificacoes.php,SEG,lido,inventário V3
gestorssh/pages/downloads/baixar.php,SEG,lido,inventário V3
gestorssh/pages/downloads/ajax_downloads.php,SEG,lido,inventário V3
gestorssh/pages/downloads/index.php,SEG,lido,inventário V3
gestorssh/pages/downloads/downloads.php,SEG,lido,inventário V3
gestorssh/pages/faturasclientes/abertas.php,SEG,lido,inventário V3
gestorssh/pages/faturasclientes/canceladas.php,SEG,lido,inventário V3
gestorssh/pages/faturasclientes/pagas.php,SEG,lido,inventário V3
gestorssh/pages/faturasclientes/cpfechados.php,SEG,lido,inventário V3
gestorssh/pages/faturasclientes/index.html,DOC,lido,inventário V3
gestorssh/pages/faturasclientes/confirmar.php,SEG,lido,inventário V3
gestorssh/pages/faturasclientes/verfatura.php,SEG,lido,inventário V3
gestorssh/pages/faturasclientes/comprovantes.php,SEG,lido,inventário V3
gestorssh/pages/faturasclientes/confirmando.php,SEG,lido,inventário V3
gestorssh/pages/usuario/adicionar.php,SEG,lido,inventário V3
gestorssh/pages/usuario/editarusuario.php,SEG,lido,inventário V3
gestorssh/pages/usuario/notificar_home.php,SEG,lido,inventário V3
gestorssh/pages/usuario/notifica_user.php,SEG,lido,inventário V3
gestorssh/pages/usuario/deletar.php,SEG,lido,inventário V3
gestorssh/pages/usuario/editar_exe.php,SEG,lido,inventário V3
gestorssh/pages/usuario/criafatura_usuario.php,SEG,lido,inventário V3
gestorssh/pages/usuario/index.html,DOC,lido,inventário V3
gestorssh/pages/usuario/listar.php,SEG,lido,inventário V3
gestorssh/pages/usuario/excluir.php,SEG,lido,inventário V3
gestorssh/pages/usuario/perfil.php,SEG,lido,inventário V3
gestorssh/pages/usuario/adicionar_exe.php,SEG,lido,inventário V3
gestorssh/pages/usuario/editar.php,SEG,lido,inventário V3
gestorssh/pages/usuario/subrevenda.php,SEG,lido,inventário V3
gestorssh/pages/usuario/notifica_sub.php,SEG,lido,inventário V3
gestorssh/pages/servidor/baixar_ovpn.php,SEG,lido,inventário V3
gestorssh/pages/servidor/index.html,DOC,lido,inventário V3
gestorssh/pages/servidor/listar.php,SEG,lido,inventário V3
gestorssh/pages/servidor/meuservidor.php,SEG,lido,inventário V3
gestorssh/pages/chamados/abertas.php,SEG,lido,inventário V3
gestorssh/pages/chamados/abrindo_chamado.php,SEG,lido,inventário V3
gestorssh/pages/chamados/encerrados.php,SEG,lido,inventário V3
gestorssh/pages/chamados/index.html,DOC,lido,inventário V3
gestorssh/pages/chamados/responder_chamado.php,SEG,lido,inventário V3
gestorssh/pages/chamados/encerrando_chamado.php,SEG,lido,inventário V3
gestorssh/pages/chamados/abrir.php,SEG,lido,inventário V3
gestorssh/pages/chamados/respondidos.php,SEG,lido,inventário V3
gestorssh/pages/faturasclientes/minhas/abertas.php,SEG,lido,inventário V3
gestorssh/pages/faturasclientes/minhas/canceladas.php,SEG,lido,inventário V3
gestorssh/pages/faturasclientes/minhas/pagas.php,SEG,lido,inventário V3
gestorssh/pages/faturasclientes/minhas/cpfechados.php,SEG,lido,inventário V3
gestorssh/pages/faturasclientes/minhas/confirmar.php,SEG,lido,inventário V3
gestorssh/pages/faturasclientes/minhas/verfatura.php,SEG,lido,inventário V3
gestorssh/pages/faturasclientes/minhas/comprovantes.php,SEG,lido,inventário V3
gestorssh/pages/faturasclientes/minhas/confirmando.php,SEG,lido,inventário V3
gestorssh/pages/faturas/comprovantes/index.php,SEG,lido,inventário V3
gestorssh/apps/img/termos.png,DOC,lido,inventário V3
gestorssh/apps/img/btarq.png,DOC,lido,inventário V3
gestorssh/apps/img/favi.png,DOC,lido,inventário V3
gestorssh/apps/img/giphy.gif,DOC,lido,inventário V3
gestorssh/apps/img/app-vpn-02.png,DOC,lido,inventário V3
gestorssh/apps/img/gl.png,DOC,lido,inventário V3
gestorssh/apps/img/app-vpn-03.png,DOC,lido,inventário V3
gestorssh/apps/img/banner1.png,DOC,lido,inventário V3
gestorssh/apps/img/app-vpn-03.gif,DOC,lido,inventário V3
gestorssh/apps/img/index.html,DOC,lido,inventário V3
gestorssh/apps/img/app-vpn-01.png,DOC,lido,inventário V3
gestorssh/apps/img/logo.png,DOC,lido,inventário V3
gestorssh/apps/img/ultimate2.png,DOC,lido,inventário V3
gestorssh/apps/img/plus.png,DOC,lido,inventário V3
gestorssh/apps/img/app-vpn-01.gif,DOC,lido,inventário V3
gestorssh/apps/img/banner.jpg,DOC,lido,inventário V3
gestorssh/apps/img/evpn.png,DOC,lido,inventário V3
gestorssh/apps/img/E.png,DOC,lido,inventário V3
gestorssh/apps/img/app-vpn-02.gif,DOC,lido,inventário V3
gestorssh/apps/css/app.min.css,DOC,lido,inventário V3
gestorssh/apps/css/icons.min.css,DOC,lido,inventário V3
gestorssh/apps/css/index.html,DOC,lido,inventário V3
gestorssh/apps/css/bootstrap.min.css,DOC,lido,inventário V3
gestorssh/apps/apk/index.html,DOC,lido,inventário V3
gestorssh/admin/upload/index.php,SEG,lido,inventário V3
gestorssh/admin/pages/perso.php,SEG,lido,inventário V3
gestorssh/admin/pages/inicial.php,SEG,lido,inventário V3
gestorssh/admin/pages/index.html,DOC,lido,inventário V3
gestorssh/admin/pages/apps.php,SEG,lido,inventário V3
gestorssh/admin/pages/conecta.php,SEG,lido,inventário V3
gestorssh/admin/botfree/verify.php,SEG,lido,inventário V3
gestorssh/admin/botfree/bot.php,SEG,lido,inventário V3
gestorssh/admin/botfree/Telegram.php,SEG,lido,inventário V3
gestorssh/admin/botfree/Class.php,SEG,lido,inventário V3
gestorssh/admin/botfree/TlgTools.php,SEG,lido,inventário V3
gestorssh/admin/botfree/index.php,SEG,lido,inventário V3
gestorssh/admin/botfree/processando.php,SEG,lido,inventário V3
gestorssh/admin/botfree/error_log,DOC,lido,inventário V3
gestorssh/admin/botfree/getall.php,SEG,lido,inventário V3
gestorssh/admin/botfree/pagamento.php,SEG,lido,inventário V3
gestorssh/admin/scripts/index.php,SEG,lido,inventário V3
gestorssh/admin/scripts/tooltipsy.min.js,DOC,lido,inventário V3
gestorssh/admin/scripts/tooltipsy.source.js,DOC,lido,inventário V3
gestorssh/admin/botfree/lib2/bootstrap.php,SEG,lido,inventário V3
gestorssh/admin/botfree/lib2/openssl.cnf,DOC,lido,inventário V3
gestorssh/admin/botfree/apk/TesteBot.apk,DOC,lido,inventário V3
gestorssh/admin/botfree/lib/recaptchalib.php,SEG,lido,inventário V3
gestorssh/admin/botfree/lib/composer.lock,DOC,lido,inventário V3
gestorssh/admin/botfree/lib/composer.json,DOC,lido,inventário V3
gestorssh/admin/botfree/lib/vendor/autoload.php,SEG,lido,inventário V3
gestorssh/admin/botfree/lib/vendor/composer/autoload_classmap.php,SEG,lido,inventário V3
gestorssh/admin/botfree/lib/vendor/composer/autoload_psr4.php,SEG,lido,inventário V3
gestorssh/admin/botfree/lib/vendor/composer/autoload_namespaces.php,SEG,lido,inventário V3
gestorssh/admin/botfree/lib/vendor/composer/ClassLoader.php,SEG,lido,inventário V3
gestorssh/admin/botfree/lib/vendor/composer/autoload_static.php,SEG,lido,inventário V3
gestorssh/admin/botfree/lib/vendor/composer/LICENSE,DOC,lido,inventário V3
gestorssh/admin/botfree/lib/vendor/composer/installed.json,DOC,lido,inventário V3
gestorssh/admin/botfree/lib/vendor/composer/autoload_real.php,SEG,lido,inventário V3
gestorssh/admin/botfree/lib/vendor/mercadopago/dx-php/.travis.yml,DOC,lido,inventário V3
gestorssh/admin/botfree/lib/vendor/mercadopago/dx-php/phpunit.xml,DOC,lido,inventário V3
gestorssh/admin/botfree/lib/vendor/mercadopago/dx-php/phpunit.phar,DOC,lido,inventário V3
gestorssh/admin/botfree/lib/vendor/mercadopago/dx-php/LICENSE,DOC,lido,inventário V3
gestorssh/admin/botfree/lib/vendor/mercadopago/dx-php/README.md,DOC,lido,inventário V3
gestorssh/admin/botfree/lib/vendor/mercadopago/dx-php/.gitignore,DOC,lido,inventário V3
gestorssh/admin/botfree/lib/vendor/mercadopago/dx-php/composer.json,DOC,lido,inventário V3
gestorssh/admin/botfree/lib/vendor/mercadopago/dx-php/samples/index.php,SEG,lido,inventário V3
gestorssh/admin/botfree/lib/vendor/mercadopago/dx-php/samples/composer.lock,DOC,lido,inventário V3
gestorssh/admin/botfree/lib/vendor/mercadopago/dx-php/samples/composer.json,DOC,lido,inventário V3
gestorssh/admin/botfree/lib/vendor/mercadopago/dx-php/tests/FakeApiHub.php,SEG,lido,inventário V3
gestorssh/admin/botfree/lib/vendor/mercadopago/dx-php/tests/DummyEntity.php,SEG,lido,inventário V3
gestorssh/admin/botfree/lib/vendor/mercadopago/dx-php/tests/MercadoPagoSdkTest.php,SEG,lido,inventário V3
gestorssh/admin/botfree/lib/vendor/mercadopago/dx-php/tests/SDKTest.php,SEG,lido,inventário V3
gestorssh/admin/botfree/lib/vendor/mercadopago/dx-php/tests/EntityTest.php,SEG,lido,inventário V3
gestorssh/admin/botfree/lib/vendor/mercadopago/dx-php/img/ezgif-2-f98e8701825e.gif,DOC,lido,inventário V3
gestorssh/admin/botfree/lib/vendor/mercadopago/dx-php/img/demo.svg,DOC,lido,inventário V3
gestorssh/admin/botfree/lib/vendor/mercadopago/dx-php/src/MercadoPago/RestClient.php,SEG,lido,inventário V3
gestorssh/admin/botfree/lib/vendor/mercadopago/dx-php/src/MercadoPago/Manager.php,SEG,lido,inventário V3
gestorssh/admin/botfree/lib/vendor/mercadopago/dx-php/src/MercadoPago/SDK.php,SEG,lido,inventário V3
gestorssh/admin/botfree/lib/vendor/mercadopago/dx-php/src/MercadoPago/Entity.php,SEG,lido,inventário V3
gestorssh/admin/botfree/lib/vendor/mercadopago/dx-php/src/MercadoPago/MetaDataReader.php,SEG,lido,inventário V3
gestorssh/admin/botfree/lib/vendor/mercadopago/dx-php/src/MercadoPago/Config.php,SEG,lido,inventário V3
gestorssh/admin/botfree/lib/vendor/mercadopago/dx-php/src/MercadoPago/Version.php,SEG,lido,inventário V3
gestorssh/admin/botfree/lib/vendor/mercadopago/dx-php/src/MercadoPago/Generic/SearchResultsArray.php,SEG,lido,inventário V3
gestorssh/admin/botfree/lib/vendor/mercadopago/dx-php/src/MercadoPago/Generic/ErrorCause.php,SEG,lido,inventário V3
gestorssh/admin/botfree/lib/vendor/mercadopago/dx-php/src/MercadoPago/Generic/RecuperableError.php,SEG,lido,inventário V3
gestorssh/admin/botfree/lib/vendor/mercadopago/dx-php/src/MercadoPago/Config/AbstractConfig.php,SEG,lido,inventário V3
gestorssh/admin/botfree/lib/vendor/mercadopago/dx-php/src/MercadoPago/Config/Yaml.php,SEG,lido,inventário V3
gestorssh/admin/botfree/lib/vendor/mercadopago/dx-php/src/MercadoPago/Config/Json.php,SEG,lido,inventário V3
gestorssh/admin/botfree/lib/vendor/mercadopago/dx-php/src/MercadoPago/Config/ParserInterface.php,SEG,lido,inventário V3
gestorssh/admin/botfree/lib/vendor/mercadopago/dx-php/src/MercadoPago/Entities/Customer.php,SEG,lido,inventário V3
gestorssh/admin/botfree/lib/vendor/mercadopago/dx-php/src/MercadoPago/Entities/InstoreOrder.php,SEG,lido,inventário V3
gestorssh/admin/botfree/lib/vendor/mercadopago/dx-php/src/MercadoPago/Entities/Preference.php,SEG,lido,inventário V3
gestorssh/admin/botfree/lib/vendor/mercadopago/dx-php/src/MercadoPago/Entities/Refund.php,SEG,lido,inventário V3
gestorssh/admin/botfree/lib/vendor/mercadopago/dx-php/src/MercadoPago/Entities/Preapproval.php,SEG,lido,inventário V3
gestorssh/admin/botfree/lib/vendor/mercadopago/dx-php/src/MercadoPago/Entities/AuthorizedPayment.php,SEG,lido,inventário V3
gestorssh/admin/botfree/lib/vendor/mercadopago/dx-php/src/MercadoPago/Entities/Invoice.php,SEG,lido,inventário V3
gestorssh/admin/botfree/lib/vendor/mercadopago/dx-php/src/MercadoPago/Entities/Pos.php,SEG,lido,inventário V3
gestorssh/admin/botfree/lib/vendor/mercadopago/dx-php/src/MercadoPago/Entities/Plan.php,SEG,lido,inventário V3
gestorssh/admin/botfree/lib/vendor/mercadopago/dx-php/src/MercadoPago/Entities/OAuth.php,SEG,lido,inventário V3
gestorssh/admin/botfree/lib/vendor/mercadopago/dx-php/src/MercadoPago/Entities/Card.php,SEG,lido,inventário V3
gestorssh/admin/botfree/lib/vendor/mercadopago/dx-php/src/MercadoPago/Entities/DiscountCampaign.php,SEG,lido,inventário V3
gestorssh/admin/botfree/lib/vendor/mercadopago/dx-php/src/MercadoPago/Entities/Shipments.php,SEG,lido,inventário V3
gestorssh/admin/botfree/lib/vendor/mercadopago/dx-php/src/MercadoPago/Entities/MerchantOrder.php,SEG,lido,inventário V3
gestorssh/admin/botfree/lib/vendor/mercadopago/dx-php/src/MercadoPago/Entities/Chargeback.php,SEG,lido,inventário V3
gestorssh/admin/botfree/lib/vendor/mercadopago/dx-php/src/MercadoPago/Entities/CardToken.php,SEG,lido,inventário V3
gestorssh/admin/botfree/lib/vendor/mercadopago/dx-php/src/MercadoPago/Entities/Subscription.php,SEG,lido,inventário V3
gestorssh/admin/botfree/lib/vendor/mercadopago/dx-php/src/MercadoPago/Annotation/DenyDynamicAttribute.php,SEG,lido,inventário V3
gestorssh/admin/botfree/lib/vendor/mercadopago/dx-php/src/MercadoPago/Annotation/RequestParam.php,SEG,lido,inventário V3
gestorssh/admin/botfree/lib/vendor/mercadopago/dx-php/src/MercadoPago/Annotation/RestMethod.php,SEG,lido,inventário V3
gestorssh/admin/botfree/lib/vendor/mercadopago/dx-php/src/MercadoPago/Annotation/Attribute.php,SEG,lido,inventário V3
gestorssh/admin/botfree/lib/vendor/mercadopago/dx-php/src/MercadoPago/Http/CurlRequest.php,SEG,lido,inventário V3
gestorssh/admin/botfree/lib/vendor/mercadopago/dx-php/src/MercadoPago/Http/HttpRequest.php,SEG,lido,inventário V3
gestorssh/admin/botfree/lib/vendor/mercadopago/dx-php/src/MercadoPago/Entities/Shared/TrackValues.php,SEG,lido,inventário V3
gestorssh/admin/botfree/lib/vendor/mercadopago/dx-php/src/MercadoPago/Entities/Shared/Tax.php,SEG,lido,inventário V3
gestorssh/admin/botfree/lib/vendor/mercadopago/dx-php/src/MercadoPago/Entities/Shared/PaymentMethod.php,SEG,lido,inventário V3
gestorssh/admin/botfree/lib/vendor/mercadopago/dx-php/src/MercadoPago/Entities/Shared/Payment.php,SEG,lido,inventário V3
gestorssh/admin/botfree/lib/vendor/mercadopago/dx-php/src/MercadoPago/Entities/Shared/Documentation.php,SEG,lido,inventário V3
gestorssh/admin/botfree/lib/vendor/mercadopago/dx-php/src/MercadoPago/Entities/Shared/Track.php,SEG,lido,inventário V3
gestorssh/admin/botfree/lib/vendor/mercadopago/dx-php/src/MercadoPago/Entities/Shared/Payer.php,SEG,lido,inventário V3
gestorssh/admin/botfree/lib/vendor/mercadopago/dx-php/src/MercadoPago/Entities/Shared/Item.php,SEG,lido,inventário V3
gestorssh/admin/botfree/lib/vendor/mercadopago/dx-php/tests/resources/PaymentTest.php,SEG,lido,inventário V3
gestorssh/admin/botfree/lib/vendor/mercadopago/dx-php/tests/resources/PreferenceTest.php,SEG,lido,inventário V3
gestorssh/admin/botfree/lib/vendor/mercadopago/dx-php/tests/resources/PreApprovalTest.php,SEG,lido,inventário V3
gestorssh/admin/botfree/lib/vendor/mercadopago/dx-php/tests/resources/POSTest.php,SEG,lido,inventário V3
gestorssh/admin/botfree/lib/vendor/mercadopago/dx-php/tests/config_files/settings.yml,DOC,lido,inventário V3
gestorssh/admin/botfree/lib/vendor/mercadopago/dx-php/tests/config_files/settings.json,DOC,lido,inventário V3
gestorssh/admin/botfree/lib/vendor/mercadopago/dx-php/tests/config_files/settings_broken.json,DOC,lido,inventário V3
gestorssh/admin/botfree/lib/vendor/mercadopago/dx-php/tests/config_files/settings_broken.yml,DOC,lido,inventário V3
gestorssh/admin/botfree/lib/vendor/mercadopago/dx-php/tests/config_files/settings.ini,DOC,lido,inventário V3
gestorssh/admin/botfree/lib/vendor/mercadopago/dx-php/tests/json_files/dummies.json,DOC,lido,inventário V3
gestorssh/admin/botfree/lib/vendor/mercadopago/dx-php/tests/json_files/payment.json,DOC,lido,inventário V3
gestorssh/admin/botfree/lib/vendor/mercadopago/dx-php/tests/json_files/customer_search.json,DOC,lido,inventário V3
gestorssh/admin/botfree/lib/vendor/mercadopago/dx-php/tests/json_files/authorization.json,DOC,lido,inventário V3
gestorssh/admin/botfree/lib/vendor/mercadopago/dx-php/tests/json_files/dummy.json,DOC,lido,inventário V3
gestorssh/admin/botfree/lib/vendor/mercadopago/dx-php/.github/ISSUE_TEMPLATE/bug_report.md,DOC,lido,inventário V3
gestorssh/admin/botfree/lib/vendor/mercadopago/dx-php/.github/ISSUE_TEMPLATE/feature_request.md,DOC,lido,inventário V3
gestorssh/admin/botfree/lib/vendor/mercadopago/dx-php/samples/suscriptions/subscribe-to-plan.php,SEG,lido,inventário V3
gestorssh/admin/botfree/lib/vendor/mercadopago/dx-php/samples/suscriptions/pause-subscription.php,SEG,lido,inventário V3
gestorssh/admin/botfree/lib/vendor/mercadopago/dx-php/samples/suscriptions/basic-suscription.php,SEG,lido,inventário V3
gestorssh/admin/botfree/lib/vendor/mercadopago/dx-php/samples/suscriptions/plan-create.php,SEG,lido,inventário V3
gestorssh/admin/botfree/lib/vendor/mercadopago/dx-php/samples/customer-and-cards/customer/remove.php,SEG,lido,inventário V3
gestorssh/admin/botfree/lib/vendor/mercadopago/dx-php/samples/customer-and-cards/customer/create.php,SEG,lido,inventário V3
gestorssh/admin/botfree/lib/vendor/mercadopago/dx-php/samples/customer-and-cards/customer/cards/remove.php,SEG,lido,inventário V3
gestorssh/admin/botfree/lib/vendor/mercadopago/dx-php/samples/customer-and-cards/customer/cards/create.php,SEG,lido,inventário V3
gestorssh/admin/botfree/lib/vendor/mercadopago/dx-php/samples/payment/minimal/refund.php,SEG,lido,inventário V3
gestorssh/admin/botfree/lib/vendor/mercadopago/dx-php/samples/payment/minimal/cancel.php,SEG,lido,inventário V3
gestorssh/admin/botfree/lib/vendor/mercadopago/dx-php/samples/payment/minimal/create.php,SEG,lido,inventário V3
gestorssh/admin/botfree/lib/vendor/mercadopago/dx-php/samples/payment/saved-cards/pay_with_saved_cards.php,SEG,lido,inventário V3
gestorssh/admin/botfree/lib/vendor/mercadopago/dx-php/samples/checkout-buttons/basic-preference/button.php,SEG,lido,inventário V3
gestorssh/admin/botfree/lib/vendor/mercadopago/dx-php/samples/checkout-buttons/full-preference/button.php,SEG,lido,inventário V3
gestorssh/admin/botfree/lib/vendor/doctrine/cache/UPGRADE.md,DOC,lido,inventário V3
gestorssh/admin/botfree/lib/vendor/doctrine/cache/LICENSE,DOC,lido,inventário V3
gestorssh/admin/botfree/lib/vendor/doctrine/cache/README.md,DOC,lido,inventário V3
gestorssh/admin/botfree/lib/vendor/doctrine/cache/composer.json,DOC,lido,inventário V3
gestorssh/admin/botfree/lib/vendor/doctrine/common/humbug.json.dist,DOC,lido,inventário V3
gestorssh/admin/botfree/lib/vendor/doctrine/common/UPGRADE_TO_2_2,DOC,lido,inventário V3
gestorssh/admin/botfree/lib/vendor/doctrine/common/LICENSE,DOC,lido,inventário V3
gestorssh/admin/botfree/lib/vendor/doctrine/common/README.md,DOC,lido,inventário V3
gestorssh/admin/botfree/lib/vendor/doctrine/common/UPGRADE_TO_2_1,DOC,lido,inventário V3
gestorssh/admin/botfree/lib/vendor/doctrine/common/phpstan.neon.dist,DOC,lido,inventário V3
gestorssh/admin/botfree/lib/vendor/doctrine/common/composer.lock,DOC,lido,inventário V3
gestorssh/admin/botfree/lib/vendor/doctrine/common/composer.json,DOC,lido,inventário V3
gestorssh/admin/botfree/lib/vendor/doctrine/common/.doctrine-project.json,DOC,lido,inventário V3
gestorssh/admin/botfree/lib/vendor/doctrine/persistence/UPGRADE-1.2.md,DOC,lido,inventário V3
gestorssh/admin/botfree/lib/vendor/doctrine/persistence/LICENSE,DOC,lido,inventário V3
gestorssh/admin/botfree/lib/vendor/doctrine/persistence/README.md,DOC,lido,inventário V3
gestorssh/admin/botfree/lib/vendor/doctrine/persistence/composer.json,DOC,lido,inventário V3
gestorssh/admin/botfree/lib/vendor/doctrine/persistence/.doctrine-project.json,DOC,lido,inventário V3
gestorssh/admin/botfree/lib/vendor/doctrine/annotations/LICENSE,DOC,lido,inventário V3
gestorssh/admin/botfree/lib/vendor/doctrine/annotations/phpstan.neon,DOC,lido,inventário V3
gestorssh/admin/botfree/lib/vendor/doctrine/annotations/README.md,DOC,lido,inventário V3
gestorssh/admin/botfree/lib/vendor/doctrine/annotations/CHANGELOG.md,DOC,lido,inventário V3
gestorssh/admin/botfree/lib/vendor/doctrine/annotations/composer.json,DOC,lido,inventário V3
gestorssh/admin/botfree/lib/vendor/doctrine/event-manager/LICENSE,DOC,lido,inventário V3
gestorssh/admin/botfree/lib/vendor/doctrine/event-manager/README.md,DOC,lido,inventário V3
gestorssh/admin/botfree/lib/vendor/doctrine/event-manager/composer.json,DOC,lido,inventário V3
gestorssh/admin/botfree/lib/vendor/doctrine/event-manager/.doctrine-project.json,DOC,lido,inventário V3
gestorssh/admin/botfree/lib/vendor/doctrine/lexer/LICENSE,DOC,lido,inventário V3
gestorssh/admin/botfree/lib/vendor/doctrine/lexer/README.md,DOC,lido,inventário V3
gestorssh/admin/botfree/lib/vendor/doctrine/lexer/composer.json,DOC,lido,inventário V3
gestorssh/admin/botfree/lib/vendor/doctrine/reflection/LICENSE,DOC,lido,inventário V3
gestorssh/admin/botfree/lib/vendor/doctrine/reflection/README.md,DOC,lido,inventário V3
gestorssh/admin/botfree/lib/vendor/doctrine/reflection/.scrutinizer.yml,DOC,lido,inventário V3
gestorssh/admin/botfree/lib/vendor/doctrine/reflection/phpstan.neon.dist,DOC,lido,inventário V3
gestorssh/admin/botfree/lib/vendor/doctrine/reflection/composer.json,DOC,lido,inventário V3
gestorssh/admin/botfree/lib/vendor/doctrine/reflection/.doctrine-project.json,DOC,lido,inventário V3
gestorssh/admin/botfree/lib/vendor/doctrine/collections/psalm.xml.dist,DOC,lido,inventário V3
gestorssh/admin/botfree/lib/vendor/doctrine/collections/CONTRIBUTING.md,DOC,lido,inventário V3
gestorssh/admin/botfree/lib/vendor/doctrine/collections/LICENSE,DOC,lido,inventário V3
gestorssh/admin/botfree/lib/vendor/doctrine/collections/README.md,DOC,lido,inventário V3
gestorssh/admin/botfree/lib/vendor/doctrine/collections/composer.json,DOC,lido,inventário V3
gestorssh/admin/botfree/lib/vendor/doctrine/collections/.doctrine-project.json,DOC,lido,inventário V3
gestorssh/admin/botfree/lib/vendor/doctrine/inflector/LICENSE,DOC,lido,inventário V3
gestorssh/admin/botfree/lib/vendor/doctrine/inflector/README.md,DOC,lido,inventário V3
gestorssh/admin/botfree/lib/vendor/doctrine/inflector/composer.json,DOC,lido,inventário V3
gestorssh/admin/botfree/lib/vendor/doctrine/inflector/lib/Doctrine/Common/Inflector/Inflector.php,SEG,lido,inventário V3
gestorssh/admin/botfree/lib/vendor/doctrine/inflector/docs/en/index.rst,DOC,lido,inventário V3
gestorssh/admin/botfree/lib/vendor/doctrine/collections/lib/Doctrine/Common/Collections/Criteria.php,SEG,lido,inventário V3
gestorssh/admin/botfree/lib/vendor/doctrine/collections/lib/Doctrine/Common/Collections/AbstractLazyCollection.php,SEG,lido,inventário V3
gestorssh/admin/botfree/lib/vendor/doctrine/collections/lib/Doctrine/Common/Collections/Collection.php,SEG,lido,inventário V3
gestorssh/admin/botfree/lib/vendor/doctrine/collections/lib/Doctrine/Common/Collections/Selectable.php,SEG,lido,inventário V3
gestorssh/admin/botfree/lib/vendor/doctrine/collections/lib/Doctrine/Common/Collections/ExpressionBuilder.php,SEG,lido,inventário V3
gestorssh/admin/botfree/lib/vendor/doctrine/collections/lib/Doctrine/Common/Collections/ArrayCollection.php,SEG,lido,inventário V3
gestorssh/admin/botfree/lib/vendor/doctrine/collections/lib/Doctrine/Common/Collections/Expr/CompositeExpression.php,SEG,lido,inventário V3
gestorssh/admin/botfree/lib/vendor/doctrine/collections/lib/Doctrine/Common/Collections/Expr/ExpressionVisitor.php,SEG,lido,inventário V3
gestorssh/admin/botfree/lib/vendor/doctrine/collections/lib/Doctrine/Common/Collections/Expr/Value.php,SEG,lido,inventário V3
gestorssh/admin/botfree/lib/vendor/doctrine/collections/lib/Doctrine/Common/Collections/Expr/Comparison.php,SEG,lido,inventário V3
gestorssh/admin/botfree/lib/vendor/doctrine/collections/lib/Doctrine/Common/Collections/Expr/Expression.php,SEG,lido,inventário V3
gestorssh/admin/botfree/lib/vendor/doctrine/collections/lib/Doctrine/Common/Collections/Expr/ClosureExpressionVisitor.php,SEG,lido,inventário V3
gestorssh/admin/botfree/lib/vendor/doctrine/collections/docs/en/expression-builder.rst,DOC,lido,inventário V3
gestorssh/admin/botfree/lib/vendor/doctrine/collections/docs/en/sidebar.rst,DOC,lido,inventário V3
gestorssh/admin/botfree/lib/vendor/doctrine/collections/docs/en/lazy-collections.rst,DOC,lido,inventário V3
gestorssh/admin/botfree/lib/vendor/doctrine/collections/docs/en/index.rst,DOC,lido,inventário V3
gestorssh/admin/botfree/lib/vendor/doctrine/collections/docs/en/expressions.rst,DOC,lido,inventário V3
gestorssh/admin/botfree/lib/vendor/doctrine/collections/docs/en/derived-collections.rst,DOC,lido,inventário V3
gestorssh/admin/botfree/lib/vendor/doctrine/reflection/lib/Doctrine/Common/Reflection/ReflectionProviderInterface.php,SEG,lido,inventário V3
gestorssh/admin/botfree/lib/vendor/doctrine/reflection/lib/Doctrine/Common/Reflection/RuntimePublicReflectionProperty.php,SEG,lido,inventário V3
gestorssh/admin/botfree/lib/vendor/doctrine/reflection/lib/Doctrine/Common/Reflection/StaticReflectionParser.php,SEG,lido,inventário V3
gestorssh/admin/botfree/lib/vendor/doctrine/reflection/lib/Doctrine/Common/Reflection/StaticReflectionProperty.php,SEG,lido,inventário V3
gestorssh/admin/botfree/lib/vendor/doctrine/reflection/lib/Doctrine/Common/Reflection/ClassFinderInterface.php,SEG,lido,inventário V3
gestorssh/admin/botfree/lib/vendor/doctrine/reflection/lib/Doctrine/Common/Reflection/StaticReflectionMethod.php,SEG,lido,inventário V3
gestorssh/admin/botfree/lib/vendor/doctrine/reflection/lib/Doctrine/Common/Reflection/Psr0FindFile.php,SEG,lido,inventário V3
gestorssh/admin/botfree/lib/vendor/doctrine/reflection/lib/Doctrine/Common/Reflection/StaticReflectionClass.php,SEG,lido,inventário V3
gestorssh/admin/botfree/lib/vendor/doctrine/reflection/lib/Doctrine/Common/Reflection/TypedNoDefaultReflectionProperty.php,SEG,lido,inventário V3
gestorssh/admin/botfree/lib/vendor/doctrine/lexer/lib/Doctrine/Common/Lexer/AbstractLexer.php,SEG,lido,inventário V3
gestorssh/admin/botfree/lib/vendor/doctrine/event-manager/lib/Doctrine/Common/EventArgs.php,SEG,lido,inventário V3
gestorssh/admin/botfree/lib/vendor/doctrine/event-manager/lib/Doctrine/Common/EventSubscriber.php,SEG,lido,inventário V3
gestorssh/admin/botfree/lib/vendor/doctrine/event-manager/lib/Doctrine/Common/EventManager.php,SEG,lido,inventário V3
gestorssh/admin/botfree/lib/vendor/doctrine/annotations/lib/Doctrine/Common/Annotations/Reader.php,SEG,lido,inventário V3
gestorssh/admin/botfree/lib/vendor/doctrine/annotations/lib/Doctrine/Common/Annotations/Annotation.php,SEG,lido,inventário V3
gestorssh/admin/botfree/lib/vendor/doctrine/annotations/lib/Doctrine/Common/Annotations/PhpParser.php,SEG,lido,inventário V3
gestorssh/admin/botfree/lib/vendor/doctrine/annotations/lib/Doctrine/Common/Annotations/IndexedReader.php,SEG,lido,inventário V3
gestorssh/admin/botfree/lib/vendor/doctrine/annotations/lib/Doctrine/Common/Annotations/AnnotationRegistry.php,SEG,lido,inventário V3
gestorssh/admin/botfree/lib/vendor/doctrine/annotations/lib/Doctrine/Common/Annotations/AnnotationException.php,SEG,lido,inventário V3
gestorssh/admin/botfree/lib/vendor/doctrine/annotations/lib/Doctrine/Common/Annotations/DocParser.php,SEG,lido,inventário V3
gestorssh/admin/botfree/lib/vendor/doctrine/annotations/lib/Doctrine/Common/Annotations/SimpleAnnotationReader.php,SEG,lido,inventário V3
gestorssh/admin/botfree/lib/vendor/doctrine/annotations/lib/Doctrine/Common/Annotations/CachedReader.php,SEG,lido,inventário V3
gestorssh/admin/botfree/lib/vendor/doctrine/annotations/lib/Doctrine/Common/Annotations/TokenParser.php,SEG,lido,inventário V3
gestorssh/admin/botfree/lib/vendor/doctrine/annotations/lib/Doctrine/Common/Annotations/DocLexer.php,SEG,lido,inventário V3
gestorssh/admin/botfree/lib/vendor/doctrine/annotations/lib/Doctrine/Common/Annotations/AnnotationReader.php,SEG,lido,inventário V3
gestorssh/admin/botfree/lib/vendor/doctrine/annotations/lib/Doctrine/Common/Annotations/FileCacheReader.php,SEG,lido,inventário V3
gestorssh/admin/botfree/lib/vendor/doctrine/annotations/lib/Doctrine/Common/Annotations/Annotation/Target.php,SEG,lido,inventário V3
gestorssh/admin/botfree/lib/vendor/doctrine/annotations/lib/Doctrine/Common/Annotations/Annotation/Required.php,SEG,lido,inventário V3
gestorssh/admin/botfree/lib/vendor/doctrine/annotations/lib/Doctrine/Common/Annotations/Annotation/Attributes.php,SEG,lido,inventário V3
gestorssh/admin/botfree/lib/vendor/doctrine/annotations/lib/Doctrine/Common/Annotations/Annotation/Enum.php,SEG,lido,inventário V3
gestorssh/admin/botfree/lib/vendor/doctrine/annotations/lib/Doctrine/Common/Annotations/Annotation/IgnoreAnnotation.php,SEG,lido,inventário V3
gestorssh/admin/botfree/lib/vendor/doctrine/annotations/lib/Doctrine/Common/Annotations/Annotation/Attribute.php,SEG,lido,inventário V3
gestorssh/admin/botfree/lib/vendor/doctrine/persistence/lib/Doctrine/Common/NotifyPropertyChanged.php,SEG,lido,inventário V3
gestorssh/admin/botfree/lib/vendor/doctrine/persistence/lib/Doctrine/Common/PropertyChangedListener.php,SEG,lido,inventário V3
gestorssh/admin/botfree/lib/vendor/doctrine/persistence/lib/Doctrine/Persistence/ConnectionRegistry.php,SEG,lido,inventário V3
gestorssh/admin/botfree/lib/vendor/doctrine/persistence/lib/Doctrine/Persistence/NotifyPropertyChanged.php,SEG,lido,inventário V3
gestorssh/admin/botfree/lib/vendor/doctrine/persistence/lib/Doctrine/Persistence/AbstractManagerRegistry.php,SEG,lido,inventário V3
gestorssh/admin/botfree/lib/vendor/doctrine/persistence/lib/Doctrine/Persistence/ObjectRepository.php,SEG,lido,inventário V3
gestorssh/admin/botfree/lib/vendor/doctrine/persistence/lib/Doctrine/Persistence/ObjectManagerAware.php,SEG,lido,inventário V3
gestorssh/admin/botfree/lib/vendor/doctrine/persistence/lib/Doctrine/Persistence/Proxy.php,SEG,lido,inventário V3
gestorssh/admin/botfree/lib/vendor/doctrine/persistence/lib/Doctrine/Persistence/ManagerRegistry.php,SEG,lido,inventário V3
gestorssh/admin/botfree/lib/vendor/doctrine/persistence/lib/Doctrine/Persistence/ObjectManager.php,SEG,lido,inventário V3
gestorssh/admin/botfree/lib/vendor/doctrine/persistence/lib/Doctrine/Persistence/ObjectManagerDecorator.php,SEG,lido,inventário V3
gestorssh/admin/botfree/lib/vendor/doctrine/persistence/lib/Doctrine/Persistence/PropertyChangedListener.php,SEG,lido,inventário V3
gestorssh/admin/botfree/lib/vendor/doctrine/persistence/lib/Doctrine/Persistence/Mapping/ClassMetadataFactory.php,SEG,lido,inventário V3
gestorssh/admin/botfree/lib/vendor/doctrine/persistence/lib/Doctrine/Persistence/Mapping/MappingException.php,SEG,lido,inventário V3
gestorssh/admin/botfree/lib/vendor/doctrine/persistence/lib/Doctrine/Persistence/Mapping/AbstractClassMetadataFactory.php,SEG,lido,inventário V3
gestorssh/admin/botfree/lib/vendor/doctrine/persistence/lib/Doctrine/Persistence/Mapping/StaticReflectionService.php,SEG,lido,inventário V3
gestorssh/admin/botfree/lib/vendor/doctrine/persistence/lib/Doctrine/Persistence/Mapping/ClassMetadata.php,SEG,lido,inventário V3
gestorssh/admin/botfree/lib/vendor/doctrine/persistence/lib/Doctrine/Persistence/Mapping/ReflectionService.php,SEG,lido,inventário V3
gestorssh/admin/botfree/lib/vendor/doctrine/persistence/lib/Doctrine/Persistence/Mapping/RuntimeReflectionService.php,SEG,lido,inventário V3
gestorssh/admin/botfree/lib/vendor/doctrine/persistence/lib/Doctrine/Persistence/Event/LifecycleEventArgs.php,SEG,lido,inventário V3
gestorssh/admin/botfree/lib/vendor/doctrine/persistence/lib/Doctrine/Persistence/Event/OnClearEventArgs.php,SEG,lido,inventário V3
gestorssh/admin/botfree/lib/vendor/doctrine/persistence/lib/Doctrine/Persistence/Event/ManagerEventArgs.php,SEG,lido,inventário V3
gestorssh/admin/botfree/lib/vendor/doctrine/persistence/lib/Doctrine/Persistence/Event/PreUpdateEventArgs.php,SEG,lido,inventário V3
gestorssh/admin/botfree/lib/vendor/doctrine/persistence/lib/Doctrine/Persistence/Event/LoadClassMetadataEventArgs.php,SEG,lido,inventário V3
gestorssh/admin/botfree/lib/vendor/doctrine/persistence/lib/Doctrine/Persistence/Mapping/Driver/FileLocator.php,SEG,lido,inventário V3
gestorssh/admin/botfree/lib/vendor/doctrine/persistence/lib/Doctrine/Persistence/Mapping/Driver/SymfonyFileLocator.php,SEG,lido,inventário V3
gestorssh/admin/botfree/lib/vendor/doctrine/persistence/lib/Doctrine/Persistence/Mapping/Driver/DefaultFileLocator.php,SEG,lido,inventário V3
gestorssh/admin/botfree/lib/vendor/doctrine/persistence/lib/Doctrine/Persistence/Mapping/Driver/PHPDriver.php,SEG,lido,inventário V3
gestorssh/admin/botfree/lib/vendor/doctrine/persistence/lib/Doctrine/Persistence/Mapping/Driver/MappingDriver.php,SEG,lido,inventário V3
gestorssh/admin/botfree/lib/vendor/doctrine/persistence/lib/Doctrine/Persistence/Mapping/Driver/AnnotationDriver.php,SEG,lido,inventário V3
gestorssh/admin/botfree/lib/vendor/doctrine/persistence/lib/Doctrine/Persistence/Mapping/Driver/StaticPHPDriver.php,SEG,lido,inventário V3
gestorssh/admin/botfree/lib/vendor/doctrine/persistence/lib/Doctrine/Persistence/Mapping/Driver/FileDriver.php,SEG,lido,inventário V3
gestorssh/admin/botfree/lib/vendor/doctrine/persistence/lib/Doctrine/Persistence/Mapping/Driver/MappingDriverChain.php,SEG,lido,inventário V3
gestorssh/admin/botfree/lib/vendor/doctrine/persistence/lib/Doctrine/Common/Persistence/ConnectionRegistry.php,SEG,lido,inventário V3
gestorssh/admin/botfree/lib/vendor/doctrine/persistence/lib/Doctrine/Common/Persistence/AbstractManagerRegistry.php,SEG,lido,inventário V3
gestorssh/admin/botfree/lib/vendor/doctrine/persistence/lib/Doctrine/Common/Persistence/ObjectRepository.php,SEG,lido,inventário V3
gestorssh/admin/botfree/lib/vendor/doctrine/persistence/lib/Doctrine/Common/Persistence/ObjectManagerAware.php,SEG,lido,inventário V3
gestorssh/admin/botfree/lib/vendor/doctrine/persistence/lib/Doctrine/Common/Persistence/PersistentObject.php,SEG,lido,inventário V3
gestorssh/admin/botfree/lib/vendor/doctrine/persistence/lib/Doctrine/Common/Persistence/Proxy.php,SEG,lido,inventário V3
gestorssh/admin/botfree/lib/vendor/doctrine/persistence/lib/Doctrine/Common/Persistence/ManagerRegistry.php,SEG,lido,inventário V3
gestorssh/admin/botfree/lib/vendor/doctrine/persistence/lib/Doctrine/Common/Persistence/ObjectManager.php,SEG,lido,inventário V3
gestorssh/admin/botfree/lib/vendor/doctrine/persistence/lib/Doctrine/Common/Persistence/ObjectManagerDecorator.php,SEG,lido,inventário V3
gestorssh/admin/botfree/lib/vendor/doctrine/persistence/lib/Doctrine/Common/Persistence/Mapping/ClassMetadataFactory.php,SEG,lido,inventário V3
gestorssh/admin/botfree/lib/vendor/doctrine/persistence/lib/Doctrine/Common/Persistence/Mapping/MappingException.php,SEG,lido,inventário V3
gestorssh/admin/botfree/lib/vendor/doctrine/persistence/lib/Doctrine/Common/Persistence/Mapping/AbstractClassMetadataFactory.php,SEG,lido,inventário V3
gestorssh/admin/botfree/lib/vendor/doctrine/persistence/lib/Doctrine/Common/Persistence/Mapping/StaticReflectionService.php,SEG,lido,inventário V3
gestorssh/admin/botfree/lib/vendor/doctrine/persistence/lib/Doctrine/Common/Persistence/Mapping/ClassMetadata.php,SEG,lido,inventário V3
gestorssh/admin/botfree/lib/vendor/doctrine/persistence/lib/Doctrine/Common/Persistence/Mapping/ReflectionService.php,SEG,lido,inventário V3
gestorssh/admin/botfree/lib/vendor/doctrine/persistence/lib/Doctrine/Common/Persistence/Mapping/RuntimeReflectionService.php,SEG,lido,inventário V3
gestorssh/admin/botfree/lib/vendor/doctrine/persistence/lib/Doctrine/Common/Persistence/Event/LifecycleEventArgs.php,SEG,lido,inventário V3
gestorssh/admin/botfree/lib/vendor/doctrine/persistence/lib/Doctrine/Common/Persistence/Event/OnClearEventArgs.php,SEG,lido,inventário V3
gestorssh/admin/botfree/lib/vendor/doctrine/persistence/lib/Doctrine/Common/Persistence/Event/ManagerEventArgs.php,SEG,lido,inventário V3
gestorssh/admin/botfree/lib/vendor/doctrine/persistence/lib/Doctrine/Common/Persistence/Event/PreUpdateEventArgs.php,SEG,lido,inventário V3
gestorssh/admin/botfree/lib/vendor/doctrine/persistence/lib/Doctrine/Common/Persistence/Event/LoadClassMetadataEventArgs.php,SEG,lido,inventário V3
gestorssh/admin/botfree/lib/vendor/doctrine/persistence/lib/Doctrine/Common/Persistence/Mapping/Driver/FileLocator.php,SEG,lido,inventário V3
gestorssh/admin/botfree/lib/vendor/doctrine/persistence/lib/Doctrine/Common/Persistence/Mapping/Driver/SymfonyFileLocator.php,SEG,lido,inventário V3
gestorssh/admin/botfree/lib/vendor/doctrine/persistence/lib/Doctrine/Common/Persistence/Mapping/Driver/DefaultFileLocator.php,SEG,lido,inventário V3
gestorssh/admin/botfree/lib/vendor/doctrine/persistence/lib/Doctrine/Common/Persistence/Mapping/Driver/PHPDriver.php,SEG,lido,inventário V3
gestorssh/admin/botfree/lib/vendor/doctrine/persistence/lib/Doctrine/Common/Persistence/Mapping/Driver/MappingDriver.php,SEG,lido,inventário V3
gestorssh/admin/botfree/lib/vendor/doctrine/persistence/lib/Doctrine/Common/Persistence/Mapping/Driver/AnnotationDriver.php,SEG,lido,inventário V3
gestorssh/admin/botfree/lib/vendor/doctrine/persistence/lib/Doctrine/Common/Persistence/Mapping/Driver/StaticPHPDriver.php,SEG,lido,inventário V3
gestorssh/admin/botfree/lib/vendor/doctrine/persistence/lib/Doctrine/Common/Persistence/Mapping/Driver/FileDriver.php,SEG,lido,inventário V3
gestorssh/admin/botfree/lib/vendor/doctrine/persistence/lib/Doctrine/Common/Persistence/Mapping/Driver/MappingDriverChain.php,SEG,lido,inventário V3
gestorssh/admin/botfree/lib/vendor/doctrine/common/.github/FUNDING.yml,DOC,lido,inventário V3
gestorssh/admin/botfree/lib/vendor/doctrine/common/lib/Doctrine/Common/Comparable.php,SEG,lido,inventário V3
gestorssh/admin/botfree/lib/vendor/doctrine/common/lib/Doctrine/Common/Lexer.php,SEG,lido,inventário V3
gestorssh/admin/botfree/lib/vendor/doctrine/common/lib/Doctrine/Common/ClassLoader.php,SEG,lido,inventário V3
gestorssh/admin/botfree/lib/vendor/doctrine/common/lib/Doctrine/Common/CommonException.php,SEG,lido,inventário V3
gestorssh/admin/botfree/lib/vendor/doctrine/common/lib/Doctrine/Common/Version.php,SEG,lido,inventário V3
gestorssh/admin/botfree/lib/vendor/doctrine/common/lib/Doctrine/Common/Util/Inflector.php,SEG,lido,inventário V3
gestorssh/admin/botfree/lib/vendor/doctrine/common/lib/Doctrine/Common/Util/Debug.php,SEG,lido,inventário V3
gestorssh/admin/botfree/lib/vendor/doctrine/common/lib/Doctrine/Common/Util/ClassUtils.php,SEG,lido,inventário V3
gestorssh/admin/botfree/lib/vendor/doctrine/common/lib/Doctrine/Common/Proxy/ProxyGenerator.php,SEG,lido,inventário V3
gestorssh/admin/botfree/lib/vendor/doctrine/common/lib/Doctrine/Common/Proxy/Proxy.php,SEG,lido,inventário V3
gestorssh/admin/botfree/lib/vendor/doctrine/common/lib/Doctrine/Common/Proxy/Autoloader.php,SEG,lido,inventário V3
gestorssh/admin/botfree/lib/vendor/doctrine/common/lib/Doctrine/Common/Proxy/ProxyDefinition.php,SEG,lido,inventário V3
gestorssh/admin/botfree/lib/vendor/doctrine/common/lib/Doctrine/Common/Proxy/AbstractProxyFactory.php,SEG,lido,inventário V3
gestorssh/admin/botfree/lib/vendor/doctrine/common/lib/Doctrine/Common/Proxy/Exception/InvalidArgumentException.php,SEG,lido,inventário V3
gestorssh/admin/botfree/lib/vendor/doctrine/common/lib/Doctrine/Common/Proxy/Exception/UnexpectedValueException.php,SEG,lido,inventário V3
gestorssh/admin/botfree/lib/vendor/doctrine/common/lib/Doctrine/Common/Proxy/Exception/ProxyException.php,SEG,lido,inventário V3
gestorssh/admin/botfree/lib/vendor/doctrine/common/lib/Doctrine/Common/Proxy/Exception/OutOfBoundsException.php,SEG,lido,inventário V3
gestorssh/admin/botfree/lib/vendor/doctrine/common/docs/en/index.rst,DOC,lido,inventário V3
gestorssh/admin/botfree/lib/vendor/doctrine/common/docs/en/reference/class-loading.rst,DOC,lido,inventário V3
gestorssh/admin/botfree/lib/vendor/doctrine/cache/lib/Doctrine/Common/Cache/FlushableCache.php,SEG,lido,inventário V3
gestorssh/admin/botfree/lib/vendor/doctrine/cache/lib/Doctrine/Common/Cache/ArrayCache.php,SEG,lido,inventário V3
gestorssh/admin/botfree/lib/vendor/doctrine/cache/lib/Doctrine/Common/Cache/MultiDeleteCache.php,SEG,lido,inventário V3
gestorssh/admin/botfree/lib/vendor/doctrine/cache/lib/Doctrine/Common/Cache/MemcacheCache.php,SEG,lido,inventário V3
gestorssh/admin/botfree/lib/vendor/doctrine/cache/lib/Doctrine/Common/Cache/MultiOperationCache.php,SEG,lido,inventário V3
gestorssh/admin/botfree/lib/vendor/doctrine/cache/lib/Doctrine/Common/Cache/SQLite3Cache.php,SEG,lido,inventário V3
gestorssh/admin/botfree/lib/vendor/doctrine/cache/lib/Doctrine/Common/Cache/InvalidCacheId.php,SEG,lido,inventário V3
gestorssh/admin/botfree/lib/vendor/doctrine/cache/lib/Doctrine/Common/Cache/LegacyMongoDBCache.php,SEG,lido,inventário V3
gestorssh/admin/botfree/lib/vendor/doctrine/cache/lib/Doctrine/Common/Cache/ApcuCache.php,SEG,lido,inventário V3
gestorssh/admin/botfree/lib/vendor/doctrine/cache/lib/Doctrine/Common/Cache/FileCache.php,SEG,lido,inventário V3
gestorssh/admin/botfree/lib/vendor/doctrine/cache/lib/Doctrine/Common/Cache/CouchbaseCache.php,SEG,lido,inventário V3
gestorssh/admin/botfree/lib/vendor/doctrine/cache/lib/Doctrine/Common/Cache/MongoDBCache.php,SEG,lido,inventário V3
gestorssh/admin/botfree/lib/vendor/doctrine/cache/lib/Doctrine/Common/Cache/CacheProvider.php,SEG,lido,inventário V3
gestorssh/admin/botfree/lib/vendor/doctrine/cache/lib/Doctrine/Common/Cache/WinCacheCache.php,SEG,lido,inventário V3
gestorssh/admin/botfree/lib/vendor/doctrine/cache/lib/Doctrine/Common/Cache/PhpFileCache.php,SEG,lido,inventário V3
gestorssh/admin/botfree/lib/vendor/doctrine/cache/lib/Doctrine/Common/Cache/MultiPutCache.php,SEG,lido,inventário V3
gestorssh/admin/botfree/lib/vendor/doctrine/cache/lib/Doctrine/Common/Cache/ZendDataCache.php,SEG,lido,inventário V3
gestorssh/admin/botfree/lib/vendor/doctrine/cache/lib/Doctrine/Common/Cache/RedisCache.php,SEG,lido,inventário V3
gestorssh/admin/botfree/lib/vendor/doctrine/cache/lib/Doctrine/Common/Cache/MemcachedCache.php,SEG,lido,inventário V3
gestorssh/admin/botfree/lib/vendor/doctrine/cache/lib/Doctrine/Common/Cache/Cache.php,SEG,lido,inventário V3
gestorssh/admin/botfree/lib/vendor/doctrine/cache/lib/Doctrine/Common/Cache/FilesystemCache.php,SEG,lido,inventário V3
gestorssh/admin/botfree/lib/vendor/doctrine/cache/lib/Doctrine/Common/Cache/MultiGetCache.php,SEG,lido,inventário V3
gestorssh/admin/botfree/lib/vendor/doctrine/cache/lib/Doctrine/Common/Cache/PredisCache.php,SEG,lido,inventário V3
gestorssh/admin/botfree/lib/vendor/doctrine/cache/lib/Doctrine/Common/Cache/ExtMongoDBCache.php,SEG,lido,inventário V3
gestorssh/admin/botfree/lib/vendor/doctrine/cache/lib/Doctrine/Common/Cache/XcacheCache.php,SEG,lido,inventário V3
gestorssh/admin/botfree/lib/vendor/doctrine/cache/lib/Doctrine/Common/Cache/ApcCache.php,SEG,lido,inventário V3
gestorssh/admin/botfree/lib/vendor/doctrine/cache/lib/Doctrine/Common/Cache/VoidCache.php,SEG,lido,inventário V3
gestorssh/admin/botfree/lib/vendor/doctrine/cache/lib/Doctrine/Common/Cache/ClearableCache.php,SEG,lido,inventário V3
gestorssh/admin/botfree/lib/vendor/doctrine/cache/lib/Doctrine/Common/Cache/ChainCache.php,SEG,lido,inventário V3
gestorssh/admin/botfree/lib/vendor/doctrine/cache/lib/Doctrine/Common/Cache/Version.php,SEG,lido,inventário V3
gestorssh/admin/botfree/lib/vendor/doctrine/cache/lib/Doctrine/Common/Cache/CouchbaseBucketCache.php,SEG,lido,inventário V3
gestorssh/admin/botfree/lib2/System/SSH_Agent.php,SEG,lido,inventário V3
gestorssh/admin/botfree/lib2/Math/BigInteger.php,SEG,lido,inventário V3
gestorssh/admin/botfree/lib2/Crypt/Blowfish.php,SEG,lido,inventário V3
gestorssh/admin/botfree/lib2/Crypt/Random.php,SEG,lido,inventário V3
gestorssh/admin/botfree/lib2/Crypt/DES.php,SEG,lido,inventário V3
gestorssh/admin/botfree/lib2/Crypt/Hash.php,SEG,lido,inventário V3
gestorssh/admin/botfree/lib2/Crypt/AES.php,SEG,lido,inventário V3
gestorssh/admin/botfree/lib2/Crypt/Base.php,SEG,lido,inventário V3
gestorssh/admin/botfree/lib2/Crypt/RSA.php,SEG,lido,inventário V3
gestorssh/admin/botfree/lib2/Crypt/TripleDES.php,SEG,lido,inventário V3
gestorssh/admin/botfree/lib2/Crypt/RC2.php,SEG,lido,inventário V3
gestorssh/admin/botfree/lib2/Crypt/RC4.php,SEG,lido,inventário V3
gestorssh/admin/botfree/lib2/Crypt/Twofish.php,SEG,lido,inventário V3
gestorssh/admin/botfree/lib2/Crypt/Rijndael.php,SEG,lido,inventário V3
gestorssh/admin/botfree/lib2/File/ASN1.php,SEG,lido,inventário V3
gestorssh/admin/botfree/lib2/File/X509.php,SEG,lido,inventário V3
gestorssh/admin/botfree/lib2/File/ANSI.php,SEG,lido,inventário V3
gestorssh/admin/botfree/lib2/Net/SSH1.php,SEG,lido,inventário V3
gestorssh/admin/botfree/lib2/Net/SCP.php,SEG,lido,inventário V3
gestorssh/admin/botfree/lib2/Net/SSH2.php,SEG,lido,inventário V3
gestorssh/admin/botfree/lib2/Net/SFTP.php,SEG,lido,inventário V3
gestorssh/admin/botfree/lib2/Net/SFTP/Stream.php,SEG,lido,inventário V3
gestorssh/admin/botfree/lib2/System/SSH/Agent.php,SEG,lido,inventário V3
gestorssh/admin/pages/apis/atualizamp.php,SEG,lido,inventário V3
gestorssh/admin/pages/apis/addnoti.php,SEG,lido,inventário V3
gestorssh/admin/pages/apis/addinformativo.php,SEG,lido,inventário V3
gestorssh/admin/pages/apis/index.html,DOC,lido,inventário V3
gestorssh/admin/pages/apis/gerenciar.php,SEG,lido,inventário V3
gestorssh/admin/pages/upload/index.php,SEG,lido,inventário V3
gestorssh/admin/pages/admin/alterar.php,SEG,lido,inventário V3
gestorssh/admin/pages/admin/dados.php,SEG,lido,inventário V3
gestorssh/admin/pages/admin/senha.php,SEG,lido,inventário V3
gestorssh/admin/pages/admin/index.html,DOC,lido,inventário V3
gestorssh/admin/pages/ssh/erro.php,SEG,lido,inventário V3
gestorssh/admin/pages/ssh/adicionar.php,SEG,lido,inventário V3
gestorssh/admin/pages/ssh/criarfatura_ssh.php,SEG,lido,inventário V3
gestorssh/admin/pages/ssh/suspenso.php,SEG,lido,inventário V3
gestorssh/admin/pages/ssh/edit.php,SEG,lido,inventário V3
gestorssh/admin/pages/ssh/profile.html,DOC,lido,inventário V3
gestorssh/admin/pages/ssh/apagarvenc.php,SEG,lido,inventário V3
gestorssh/admin/pages/ssh/online.php,SEG,lido,inventário V3
gestorssh/admin/pages/ssh/apagarall.php,SEG,lido,inventário V3
gestorssh/admin/pages/ssh/add_teste.php,SEG,lido,inventário V3
gestorssh/admin/pages/ssh/index.html,DOC,lido,inventário V3
gestorssh/admin/pages/ssh/contas.php,SEG,lido,inventário V3
gestorssh/admin/pages/ssh/online_home.php,SEG,lido,inventário V3
gestorssh/admin/pages/ssh/revenda2.php,SEG,lido,inventário V3
gestorssh/admin/pages/ssh/contas2.php,SEG,lido,inventário V3
gestorssh/admin/pages/ssh/editar.php,SEG,lido,inventário V3
gestorssh/admin/pages/faturas/abertas.php,SEG,lido,inventário V3
gestorssh/admin/pages/faturas/canceladas.php,SEG,lido,inventário V3
gestorssh/admin/pages/faturas/pagas.php,SEG,lido,inventário V3
gestorssh/admin/pages/faturas/cpfechados.php,SEG,lido,inventário V3
gestorssh/admin/pages/faturas/confirmar.php,SEG,lido,inventário V3
gestorssh/admin/pages/faturas/verfatura.php,SEG,lido,inventário V3
gestorssh/admin/pages/faturas/comprovantes.php,SEG,lido,inventário V3
gestorssh/admin/pages/faturas/confirmando.php,SEG,lido,inventário V3
gestorssh/admin/pages/email/enviandoemail.php,SEG,lido,inventário V3
gestorssh/admin/pages/email/enviaremails_classe.php,SEG,lido,inventário V3
gestorssh/admin/pages/email/enviaremail.php,SEG,lido,inventário V3
gestorssh/admin/pages/email/1etapasmtp.php,SEG,lido,inventário V3
gestorssh/admin/pages/email/configurasmtp.php,SEG,lido,inventário V3
gestorssh/admin/pages/phpmailer/class.smtp.php,SEG,lido,inventário V3
gestorssh/admin/pages/phpmailer/class.phpmailer.php,SEG,lido,inventário V3
gestorssh/admin/pages/phpmailer/changelog.txt,DOC,lido,inventário V3
gestorssh/admin/pages/phpmailer/class.pop3.php,SEG,lido,inventário V3
gestorssh/admin/pages/phpmailer/docs.ini,DOC,lido,inventário V3
gestorssh/admin/pages/bandeiras/BR.png,DOC,lido,inventário V3
gestorssh/admin/pages/bandeiras/US.png,DOC,lido,inventário V3
gestorssh/admin/pages/bandeiras/SG.png,DOC,lido,inventário V3
gestorssh/admin/pages/bandeiras/CA.png,DOC,lido,inventário V3
gestorssh/admin/pages/notificacoes/notificacoes.php,SEG,lido,inventário V3
gestorssh/admin/pages/notificacoes/notificar_home.php,SEG,lido,inventário V3
gestorssh/admin/pages/notificacoes/notificar_todos.php,SEG,lido,inventário V3
gestorssh/admin/pages/notificacoes/index.php,SEG,lido,inventário V3
gestorssh/admin/pages/notificacoes/notificar.php,SEG,lido,inventário V3
gestorssh/admin/pages/notificacoes/notificar_revendedor.php,SEG,lido,inventário V3
gestorssh/admin/pages/notificacoes/notificar_clientevpn.php,SEG,lido,inventário V3
gestorssh/admin/pages/download/enviandoarquivo.php,SEG,lido,inventário V3
gestorssh/admin/pages/download/excluir_todos.php,SEG,lido,inventário V3
gestorssh/admin/pages/download/index.html,DOC,lido,inventário V3
gestorssh/admin/pages/download/excluir.php,SEG,lido,inventário V3
gestorssh/admin/pages/download/downloads.php,SEG,lido,inventário V3
gestorssh/admin/pages/noticias/index.php,SEG,lido,inventário V3
gestorssh/admin/pages/usuario/criarfatura_usuariovpn.php,SEG,lido,inventário V3
gestorssh/admin/pages/usuario/edita_revenda.php,SEG,lido,inventário V3
gestorssh/admin/pages/usuario/addservidor_exe.php,SEG,lido,inventário V3
gestorssh/admin/pages/usuario/criarfatura_usuario.php,SEG,lido,inventário V3
gestorssh/admin/pages/usuario/1-etapa.php,SEG,lido,inventário V3
gestorssh/admin/pages/usuario/addservidor.php,SEG,lido,inventário V3
gestorssh/admin/pages/usuario/editar_exe.php,SEG,lido,inventário V3
gestorssh/admin/pages/usuario/index.html,DOC,lido,inventário V3
gestorssh/admin/pages/usuario/listar.php,SEG,lido,inventário V3
gestorssh/admin/pages/usuario/remover_servidor.php,SEG,lido,inventário V3
gestorssh/admin/pages/usuario/usuario_ssh.php,SEG,lido,inventário V3
gestorssh/admin/pages/usuario/perfil.php,SEG,lido,inventário V3
gestorssh/admin/pages/usuario/adicionar_exe.php,SEG,lido,inventário V3
gestorssh/admin/pages/usuario/revenda.php,SEG,lido,inventário V3
gestorssh/admin/pages/usuario/edita_acesso.php,SEG,lido,inventário V3
gestorssh/admin/pages/usuario/adiciona_acesso.php,SEG,lido,inventário V3
gestorssh/admin/pages/servidor/adicionar.php,SEG,lido,inventário V3
gestorssh/admin/pages/servidor/enviar_ovpn.php,SEG,lido,inventário V3
gestorssh/admin/pages/servidor/recebe_ehi.php,SEG,lido,inventário V3
gestorssh/admin/pages/servidor/baixar_ovpn.php,SEG,lido,inventário V3
gestorssh/admin/pages/servidor/editar_exe.php,SEG,lido,inventário V3
gestorssh/admin/pages/servidor/index.html,DOC,lido,inventário V3
gestorssh/admin/pages/servidor/listar.php,SEG,lido,inventário V3
gestorssh/admin/pages/servidor/servidor.php,SEG,lido,inventário V3
gestorssh/admin/pages/servidor/deletar_ovpn.php,SEG,lido,inventário V3
gestorssh/admin/pages/servidor/adicionar_exe.php,SEG,lido,inventário V3
gestorssh/admin/pages/servidor/servidor_exe.php,SEG,lido,inventário V3
gestorssh/admin/pages/servidor/alocados.php,SEG,lido,inventário V3
gestorssh/admin/pages/chamados/abertas.php,SEG,lido,inventário V3
gestorssh/admin/pages/chamados/deletar_chamado.php,SEG,lido,inventário V3
gestorssh/admin/pages/chamados/encerrados.php,SEG,lido,inventário V3
gestorssh/admin/pages/chamados/encerrar_chamado.php,SEG,lido,inventário V3
gestorssh/admin/pages/chamados/responder_chamado.php,SEG,lido,inventário V3
gestorssh/admin/pages/chamados/respondidos.php,SEG,lido,inventário V3
gestorssh/admin/pages/servidor/upload/recebe_ehi.php,SEG,lido,inventário V3
gestorssh/admin/pages/servidor/upload/index.php,SEG,lido,inventário V3
gestorssh/admin/pages/faturas/comprovantes/index.php,SEG,lido,inventário V3
gestorssh/admin/pages/faturas/comprovantes/19340319be674a1118180b78c4f2bc44.jpg,DOC,lido,inventário V3
